priority,site_name,slug,base_url
101.36106025364846,TaylorAndFrancis,taylor_francis,
20.16922612182061,Intellect,intellect,
12.5,FAPESP,fapesp,
12.5,ChinesePhysicalSociety,chinese_physical_society,
12.5,ChemicalResearchSocietyofIndia,chemical_research_society_of_india,
12.5,GujaratStateJudicialAcademy,gujarat_state_judicial_academy,
12.5,EditorialUniversitariaAbyaYala,editorial_universitaria_abya_yala,
12.5,ChapingoAutonomousUniversity,chapingo_autonomous_university,
12.5,ElColegiodelaFronteraSur,el_colegio_de_la_frontera_sur,
12.5,AriadnaEdiciones,ariadna_ediciones,
12.5,EastChinaNormalUniversityPress,east_china_normal_university_press,
12.5,EdicionesUnisalle,ediciones_unisalle,
12.5,EditorialUniversitariadeBuenosAires,editorial_universitaria_de_buenos_aires,
12.5,BibliotecaNacionaldeBrasil,biblioteca_nacional_de_brasil,
12.5,CEDiUNNOBA,cedi_unnoba,
12.5,ElColegioMexiquense,el_colegio_mexiquense,
12.5,BeijingLanguageandCultureUniversityPress,beijing_language_and_culture_university_press,
12.5,FAPERJ,faperj,
12.5,EditoraUFRJ,editora_ufrj,
12.5,EditorialUniversitaria,editorial_universitaria,
12.5,DongbeiUniversityofFinanceandEconomicsPress,dongbei_university_of_finance_and_economics_press,
12.5,AndalasUniversityPress,andalas_university_press,
12.5,EdicionesISALUD,ediciones_isalud,
12.5,EditoraUFPR,editora_ufpr,
12.5,CSIRNIScPR,csir_niscpr,
12.5,CIFORICRAF,cifor_icraf,
12.5,FACEPE,facepe,
12.5,ChiangMaiUniversityPress,chiang_mai_university_press,
12.5,CentrodePublicacionesdelaPUCE,centro_de_publicaciones_de_la_puce,
12.5,AssamAgriculturalUniversityPublications,assam_agricultural_university_publications,
12.5,HarbinInstituteofTechnologyPress,harbin_institute_of_technology_press,
12.5,FAPEMA,fapema,
12.5,BeijingNormalUniversityPress,beijing_normal_university_press,
12.5,CENEPArgentina,cenep_argentina,
12.5,HokkaidoUniversityPress,hokkaido_university_press,
12.5,FAPESB,fapesb,
12.5,BibliotecaNacionaldeColombia,biblioteca_nacional_de_colombia,
12.5,GeologicalSocietyofIndia,geological_society_of_india,
12.5,ChinaSocialSciencesPressCSSP,china_social_sciences_press_cssp,http://www.csspw.com.cn/
12.5,FujianNormalUniversityPress,fujian_normal_university_press,
12.5,FAPEAM,fapeam,
12.5,EUDECOEditora,eudeco_editora,
12.5,EditorialNeogranadina,editorial_neogranadina,
12.5,ChineseAcademyofSciences,chinese_academy_of_sciences,
12.5,ConsejoLatinoamericanodeCienciasSociales,consejo_latinoamericano_de_ciencias_sociales,
12.5,FLACSOEcuador,flacso_ecuador,
12.5,HimalayanResearchandCulturalFoundation,himalayan_research_and_cultural_foundation,
12.5,FuJenCatholicUniversityPress,fu_jen_catholic_university_press,
12.5,CINDEColombia,cinde_colombia,
12.5,BrazilianNationalArchives,brazilian_national_archives,
12.5,FAPEMIG,fapemig,
12.5,ChinaRenminUniversityPress,china_renmin_university_press,
12.5,HuazhongUniversityofScienceandTechnologyPress,huazhong_university_of_science_and_technology_press,
12.5,EditorialAbyaYala,editorial_abya_yala,
12.5,EditoradaUnicamp,editora_da_unicamp,
12.5,FAPESC,fapesc,
12.5,ChulalongkornUniversityPress,chulalongkorn_university_press,
12.5,INDEC,indec_argentina,https://www.indec.gob.ar
12.5,BeihangUniversityPress,beihang_university_press,
12.5,FUNCAP,funcap,
12.5,ChemicalSocietyofJapan,chemical_society_of_japan,
12.5,HigherEducationPress,higher_education_press,
12.5,EditorialGuadalupe,editorial_guadalupe,
12.5,GuangxiNormalUniversityPress,guangxi_normal_university_press,
12.5,EditoradaUFSC,editora_da_ufsc,
12.5,EditorialUNICEN,editorial_unicen,
12.5,ForeignLanguageTeachingandResearchPressFLTRP,foreign_language_teaching_and_research_press_fltrp,
12.5,GBPUATPublications,gbpuat_publications,
12.5,HunanNormalUniversityPress,hunan_normal_university_press,
12.5,EditorialAgrosavia,editorial_agrosavia,
12.5,INEChile,ine_chile,https://www.ine.gob.cl
12.5,EditorialUniversitariaUCCuyo,editorial_universitaria_uccuyo,
12.5,DANEColombia,dane_colombia,
5.054651081081644,NationalUniversityofDistanceEducation,national_university_of_distance_education,
3.0,ZoologicalSocietyofNigeria,zoological_society_of_nigeria,
3.0,Sabinet,sabinet,
3.0,CentreforLegalIntegrationinAfrica,centre_for_legal_integration_in_africa,
3.0,CapeObservatoryPublications,cape_observatory_publications,
3.0,InternationalInstituteofTropicalAgriculture,international_institute_of_tropical_agriculture,
3.0,KenyaBureauofStandards,kenya_bureau_of_standards,
3.0,InstituteforSecurityStudies,institute_for_security_studies,
3.0,YabelloPastoralandDrylandAgricultureResearchCenter,yabello_pastoral_and_dryland_agriculture_research_center,
3.0,NationalArchivesofNigeria,national_archives_of_nigeria,
3.0,OnderstepoortVeterinaryInstitute,onderstepoort_veterinary_institute,
3.0,SILEthiopia,sil_ethiopia,
3.0,NationalInstituteforNigerianLanguages,national_institute_for_nigerian_languages,
3.0,AdekunleAjasinUniversityPublications,adekunle_ajasin_university_publications,
3.0,InstituteofEthiopianStudies,institute_of_ethiopian_studies,
3.0,NationalLabourandEconomicDevelopmentInstitute,national_labour_and_economic_development_institute,
3.0,StatisticsSouthAfrica,statistics_south_africa,
3.0,MountainTopEducationalPublishers,mountain_top_educational_publishers,
3.0,SouthAfricanHumanRightsCommissionSAHRC,south_african_human_rights_commission_sahrc,https://www.sahrc.org.za/index.php/sahrc-publications
3.0,CASASSouthAfrica,casas_south_africa,
3.0,ICRAF,icraf,
3.0,StellenboschUniversityPress,stellenbosch_university_press,
3.0,EasternNileTechnicalRegionalOfficeENTRO,eastern_nile_technical_regional_office_entro,
3.0,SouthAfricanInstituteofInternationalAffairsSAIIA,south_african_institute_of_international_affairs_saiia,https://saiia.org.za/
3.0,KenyaCulturalCentre,kenya_cultural_centre,
3.0,NationalInstituteforCommunicableDiseases,national_institute_for_communicable_diseases,
3.0,KenyaLawReformCommission,kenya_law_reform_commission,
3.0,HSRCPress,hsrc_press,https://www.hsrcpress.ac.za/
3.0,TombouctouManuscriptsProject,tombouctou_manuscripts_project,
3.0,LawSocietyofSouthAfrica,law_society_of_south_africa,
3.0,NationalLibraryofSouthAfrica,national_library_of_south_africa,
3.0,IITA:InternationalInstituteofTropicalAgriculture,iita_international_institute_of_tropical_agriculture,https://www.iita.org/publications/
3.0,SouthAfricanLawReformCommission,south_african_law_reform_commission,
3.0,ZoologicalNaturalHistoryMuseumAddisAbaba,zoological_natural_history_museum_addis_ababa,
3.0,NetworkofAfricanScienceAcademiesNASAC,network_of_african_science_academies_nasac,
3.0,NigerianGeologicalSurveyAgency,nigerian_geological_survey_agency,
3.0,NISCPtyLtd,nisc_pty_ltd,
3.0,JKUATPress,jkuat_press,
3.0,SouthAfricanReserveBankSARB,south_african_reserve_bank_sarb,https://www.resbank.co.za/en/home/publications
3.0,AfricanRegionalCentreforEcohydrologyARCE,african_regional_centre_for_ecohydrology_arce,
3.0,UJPress,uj_press,
3.0,AfricanCriticalInquiryProgrammeACIP,african_critical_inquiry_programme_acip,
3.0,VanSchaikPublishers,van_schaik_publishers,
3.0,PanSouthAfricanLanguageBoard,pan_south_african_language_board,
3.0,JutaandCompany,juta_and_company,
3.0,ArewaHouse:CentreforHistoricalDocumentationandResearch,arewa_house_centre_for_historical_documentation_and_research,
3.0,SouthAfricaLawReformCommission,south_africa_law_reform_commission,
3.0,GeologicalSurveyofEthiopia,geological_survey_of_ethiopia,
3.0,ForumforSocialStudies,forum_for_social_studies,
3.0,ConstitutionalCourtofSouthAfrica,constitutional_court_of_south_africa,
3.0,NigerianLawReformCommission,nigerian_law_reform_commission,
3.0,KenyaWaterInstituteKEWI,kenya_water_institute_kewi,
3.0,LawSocietyofSouthAfricaLEAD,law_society_of_south_africa_lead,
3.0,ModjajiBooks,modjaji_books,
3.0,SouthAfricanInstituteforAquaticBiodiversitySAIAB,south_african_institute_for_aquatic_biodiversity_saiab,
3.0,KenyaNationalArchivesandDocumentationService,kenya_national_archives_and_documentation_service,
3.0,EntomologicalSocietyofSouthernAfrica,entomological_society_of_southern_africa,
3.0,RegionalSomaliLanguageAcademy,regional_somali_language_academy,
3.0,KenyaPublishersAssociation,kenya_publishers_association,
3.0,SANBIPublishing,sanbi_publishing,
3.0,EconomicCommunityofWestAfricanStatesECOWAS,economic_community_of_west_african_states_ecowas,https://www.ecowas.int/resources/publications/
3.0,NationalBureauofStatisticsNigeria,national_bureau_of_statistics_nigeria,
3.0,NationalCouncilforScienceandTechnologyKenya,national_council_for_science_and_technology_kenya,
3.0,WorldAgroforestryICRAF,world_agroforestry_icraf,https://www.worldagroforestry.org/publications
3.0,KNBSKenya,knbs_kenya,
3.0,ZapfChancery,zapf_chancery,
3.0,AfricanAcademyofSciencesAAS,african_academy_of_sciences_aas,
3.0,EthiopianAcademyofSciencesPublications,ethiopian_academy_of_sciences_publications,
3.0,FourthDimensionPublishers,fourth_dimension_publishers,
3.0,PastoralistForumEthiopiaPFEMonographs,pastoralist_forum_ethiopia_pfe_monographs,
3.0,AcademyofScienceofSouthAfrica,academy_of_science_of_south_africa,
3.0,NationalJudicialInstituteNigeria,national_judicial_institute_nigeria,
3.0,SouthAfricanBureauofStandards,south_african_bureau_of_standards,
3.0,AfricanAssociationfortheStudyofReligions,african_association_for_the_study_of_religions,
3.0,NIALSPress,nials_press,
3.0,AlbanyMuseumMakhanda,albany_museum_makhanda,
3.0,TCNNPublications,tcnn_publications,
3.0,CenterforEmergingZoonoticandParasiticDiseases,center_for_emerging_zoonotic_and_parasitic_diseases,
3.0,NationalInstituteforOccupationalHealthSouthAfrica,national_institute_for_occupational_health_south_africa,
3.0,NigerianInstituteofAdvancedLegalStudiesNIALS,nigerian_institute_of_advanced_legal_studies_nials,https://nials.edu.ng/
3.0,HEBNPublishers,hebn_publishers,
3.0,NationalMetrologyInstituteofSouthAfrica,national_metrology_institute_of_south_africa,
3.0,NairobiUniversityPressLawSeries,nairobi_university_press_law_series,
3.0,SouthAfricanJudicialEducationInstitute,south_african_judicial_education_institute,
3.0,NationalLibraryofNigeria,national_library_of_nigeria,
3.0,NigerianInstituteofInternationalAffairsNIIA,nigerian_institute_of_international_affairs_niia,https://niia.gov.ng/
3.0,SouthAfricanNationalSpaceAgencySANSA,south_african_national_space_agency_sansa,https://www.sansa.org.za/publications/
3.0,CanonLawSocietyofNigeria,canon_law_society_of_nigeria,
3.0,PaulinesPublicationsAfrica,paulines_publications_africa,
3.0,ZoologicalSocietyofSouthernAfrica,zoological_society_of_southern_africa,
3.0,SOSSahelEthiopiaRangelandSeries,sos_sahel_ethiopia_rangeland_series,
3.0,Mintek,mintek,
3.0,EasternNileWatershedManagementProjectENTRO,eastern_nile_watershed_management_project_entro,
3.0,ACTS:AfricaChristianTextbooks,acts_africa_christian_textbooks,
3.0,StatsSASouthAfrica,stats_sa_south_africa,
3.0,InstituteforSecurityStudiesISSAfrica,institute_for_security_studies_iss_africa,https://issafrica.org/
3.0,NISCSouthAfrica,nisc_south_africa,
3.0,NationalLibraryofEthiopia,national_library_of_ethiopia,
3.0,LawAfricaPublishing,lawafrica_publishing,
3.0,RECONCILEPastoralPolicySeries,reconcile_pastoral_policy_series,
3.0,NationalArchivesandRecordsServiceofSouthAfrica,national_archives_and_records_service_of_south_africa,http://www.nationalarchives.gov.za/
3.0,NigerianPublishersAssociation,nigerian_publishers_association,
3.0,InstituteforJusticeandReconciliationIJR,institute_for_justice_and_reconciliation_ijr,https://www.ijr.org.za/
3.0,SouthAfricanNationalBiodiversityInstitute,south_african_national_biodiversity_institute,
3.0,SouthAfricanSanInstitute,south_african_san_institute,
3.0,GlobalPeatlandsInitiative,global_peatlands_initiative,
3.0,WaterandLandResourceCentreEthiopia,water_and_land_resource_centre_ethiopia,
2.5,BHUPress,bhu_press,
2.5,EditorialUAM,editorial_uam,
2.5,UNDAVEdiciones,undav_ediciones,
2.5,ANGRAUPublications,angrau_publications,
2.5,EDUCC,educc,
2.5,HunanUniversityPress,hunan_university_press,
2.5,EditorialUNRN,editorial_unrn,
2.5,NationalAutonomousUniversityofMexico,national_autonomous_university_of_mexico,
2.5,EditorialUPCH,editorial_upch,
2.5,IORPress,ior_press,
2.5,EdicionesUDP,ediciones_udp,
2.5,MuseoNacionaldeArteMexico,museo_nacional_de_arte_mexico,
2.5,FondoEditorialUPCH,fondo_editorial_upch,
2.5,ReddeEditorialesdeUniversidadesNacionalesdelaArgentina,red_de_editoriales_de_universidades_nacionales_de_la_argentina,
2.5,KeioUniversityPress,keio_university_press,
2.5,EditorialIbero,editorial_ibero,
2.5,NationalPedagogicUniversity,national_pedagogic_university,
2.5,EdicionesUNGS,ediciones_ungs,
2.5,EditorialUASB,editorial_uasb,
2.5,EditorialUADER,editorial_uader,
2.5,AISTPublishing,aist_publishing,
2.5,EditorialUCSF,editorial_ucsf,
2.5,AKMishraAgencies,a_k_mishra_agencies,
2.5,MuseoNacionaldeBellasArtesChile,museo_nacional_de_bellas_artes_chile,
2.5,MinzuUniversityPress,minzu_university_press,
2.5,ChuoUniversityPress,chuo_university_press,
2.5,SBPC,sbpc,
2.5,UVMPress,uvm_press,
2.5,ANUIES,anuies,
2.5,FondoEditorialdeADABI,fondo_editorial_de_adabi,
2.5,CEPTUniversityPress,cept_university_press,
2.5,AnhuiUniversityPress,anhui_university_press,
2.5,EditorialITBA,editorial_itba,
2.5,CIAT,ciat,
2.5,EditorialUPTC,editorial_uptc,
2.5,WuhanUniversityPress,wuhan_university_press,
2.5,FAPDF,fapdf,
2.5,TamilUniversityPress,tamil_university_press,
2.5,UniversidaddeAntioquiaEditorial,universidad_de_antioquia_editorial,
2.5,EditorialUNSJ,editorial_unsj,
2.5,OsakaUniversityPress,osaka_university_press,
2.5,EdicionesEAN,ediciones_ean,
2.5,EdicionesUC,ediciones_uc,
2.5,FondoEditorialdeCali,fondo_editorial_de_cali,
2.5,EditorialCINOC,editorial_cinoc,
2.5,EUDEM,eudem,
2.5,GyanPublishingHouse,gyan_publishing_house,
2.5,HoseiUniversityPress,hosei_university_press,
2.5,ANSinhaInstituteofSocialStudiesANSISS,a_n_sinha_institute_of_social_studies_ansiss,https://ansiss.res.in/
2.5,UniversidadVeracruzanaEditorial,universidad_veracruzana_editorial,
2.5,CELAM,celam,
2.5,IARIPublications,iari_publications,
2.5,IIScPress,iisc_press,
2.5,EditorialUCALP,editorial_ucalp,
2.5,ANGRUPublications,angru_publications,
2.5,EditorialUPC,editorial_upc,
2.5,EDUPA,edupa,
2.5,EditorialTeseo,editorial_teseo,
2.5,"UniversidaddelosAndes,EdicionesUniandes",universidad_de_los_andes_ediciones_uniandes,
1.5,MuseumsVictoria,museums_victoria,https://museumsvictoria.com.au/about-us/publications/
1.5,UniversityofNewSouthWalesPress,university_of_new_south_wales_press,
1.5,ASEDA,aseda,
1.5,BlueCarbonLabDeakinUniversity,blue_carbon_lab_deakin_university,
1.5,QueenslandMuseum,queensland_museum,
1.5,AfaanPublications,afaan_publications,
1.5,IADPress,iad_press,
1.5,ResearchCentreforLinguisticTypology,research_centre_for_linguistic_typology,
1.5,VictoriaUniversityofWellingtonLawReview,victoria_university_of_wellington_law_review,
1.5,SouthAustralianMuseum,south_australian_museum,
1.5,WesternAustralianMuseum,western_australian_museum,
1.5,AustralianMuseum,australian_museum,
1.0,UniversidadORTUruguay,universidad_ort_uruguay,
1.0,ArabCenterforResearchandPolicyStudiesACRPS,arab_center_for_research_and_policy_studies_acrps,https://www.arabcenter.org.qa/
1.0,KNUSTPress,knust_press,
1.0,UniversidadeNacionalTimorLorosaePublications,universidade_nacional_timor_lorosa_e_publications,
1.0,UniversityofMariborPress,university_of_maribor_press,
1.0,KingAbdulazizUniversityPress,king_abdulaziz_university_press,
1.0,UniversityofBotswanaPress,university_of_botswana_press,
1.0,AazemPublications,aazem_publications,
1.0,NEI,nei,
1.0,AcademyoftheArabicLanguageCairo,academy_of_the_arabic_language_cairo,
1.0,PNGUniversityofTechnologyPress,png_university_of_technology_press,
1.0,AdibPublishingHouse,adib_publishing_house,
1.0,IMU,imu,
1.0,ArmyUniversityPress,army_university_press,
1.0,UniversityofBucharestPress,university_of_bucharest_press,
1.0,UniversityofLiberiaPress,university_of_liberia_press,
1.0,ArcticCentreUniversityofLapland,arctic_centre_university_of_lapland,
1.0,AirUniversityPress,air_university_press,https://www.airuniversity.af.edu/AUPress/
1.0,ShirazUniversityofMedicalSciences,shiraz_university_of_medical_sciences,
1.0,BangladeshAcademyofSciencesPublications,bangladesh_academy_of_sciences_publications,
1.0,UniversityofZagrebPress,university_of_zagreb_press,
1.0,ImamMohammadIbnSaudIslamicUniversityPublishingHouse,imam_mohammad_ibn_saud_islamic_university_publishing_house,
1.0,NanyangTechnologicalUniversity,nanyang_technological_university,
1.0,AmiriPublications,amiri_publications,
1.0,UKMPress,ukm_press,
1.0,UniversityofBelgradeFacultyofLawPublishing,university_of_belgrade_faculty_of_law_publishing,
1.0,PisaUniversityPress,pisa_university_press,
1.0,AUBPress,aub_press,
1.0,AzerbaijanNationalAcademyofSciences,azerbaijan_national_academy_of_sciences,
1.0,STUPublishingHouse,stu_publishing_house,
1.0,EditorialUAGRM,editorial_uagrm,
1.0,BRACResearchandEvaluationDivisionRED,brac_research_and_evaluation_division_red,https://www.brac.net/research
1.0,UniversityofMosulPress,university_of_mosul_press,
1.0,YKY,yky,
1.0,UniversityofPrimorskaPress,university_of_primorska_press,
1.0,UniversityofNouakchottPublications,university_of_nouakchott_publications,
1.0,CentralAsianUniversityPressTashkent,central_asian_university_press_tashkent,
1.0,CEToM,cetom,
1.0,VajraPublications,vajra_publications,
1.0,ArchivesoftheSerbianAcademyofSciencesandArts,archives_of_the_serbian_academy_of_sciences_and_arts,
1.0,UniversityofDebrecenPress,university_of_debrecen_press,
1.0,EBUC,ebuc,
1.0,BluefieldsIndianAndCaribbeanUniversity,bluefields_indian_caribbean_university,
1.0,AfricanResearchNexus,african_research_nexus,
1.0,UNWEPublishing,unwe_publishing,
1.0,GIDAPublications,gida_publications,
1.0,UniversityofRijekaPress,university_of_rijeka_press,
1.0,UniversityofGreenland,university_of_greenland,
1.0,CEDA,ceda,
1.0,GhentUniversityPress,ghent_university_press,
1.0,METUPress,metu_press,
1.0,AmericanCenterofResearch,american_center_of_research,
1.0,IlimPublishingHouse,ilim_publishing_house,
1.0,IrfonPublishingHouse,irfon_publishing_house,
1.0,KathmanduUniversityPublications,kathmandu_university_publications,
1.0,YerevanStateUniversityPublishingHouse,yerevan_state_university_publishing_house,
1.0,LebaneseAmericanUniversityPublications,lebanese_american_university_publications,
1.0,AcademyofScientificResearchandTechnologyASRT,academy_of_scientific_research_and_technology_asrt,http://www.asrt.sci.eg/
1.0,Nauka,nauka,
1.0,UniversityofTehranPress,university_of_tehran_press,
1.0,BalochistanJudicialAcademy,balochistan_judicial_academy,
1.0,AcademyofSciencesoftheRepublicofBashkortostan,academy_of_sciences_of_the_republic_of_bashkortostan,http://www.anrb.ru/
1.0,InternationalTheravadaBuddhistMissionaryUniversity,international_theravada_buddhist_missionary_university,
1.0,WestUniversityofTimisoaraPress,west_university_of_timisoara_press,
1.0,UniversityofSantoTomasPublishingHouse,university_of_santo_tomas_publishing_house,
1.0,LvivUniversityPress,lviv_university_press,
1.0,LucianBlagaUniversityofSibiuPress,lucian_blaga_university_of_sibiu_press,
1.0,TehranUniversityofMedicalSciences,tehran_university_of_medical_sciences,
1.0,UniversityofBahrainPress,university_of_bahrain_press,
1.0,UniversidadeNacionalTimorLorosaeResearchCenter,universidade_nacional_timor_lorosa_e_research_center,
1.0,UniversidadAmericana,universidad_americana,
1.0,BangladeshMaritimeUniversityPublications,bangladesh_maritime_university_publications,
1.0,GulistanStateUniversityEditorialPublishingDepartment,gulistan_state_university_editorial_publishing_department,
1.0,UTARPress,utar_press,
1.0,BangladeshForestResearchInstituteMangroveStation,bangladesh_forest_research_institute_mangrove_station,
1.0,UniversityofSplitPress,university_of_split_press,
1.0,UniversidaddeCarabobo,universidad_de_carabobo,
1.0,UniversityofEswatiniPublications,university_of_eswatini_publications,
1.0,UniversityofMalayaPress,university_of_malaya_press,
1.0,UETPress,uet_press,
1.0,EditorialUniversidadNacionalAgrariaNicaragua,editorial_universidad_nacional_agraria_nicaragua,
1.0,ISEASPublishing,iseas_publishing,
1.0,KaunasUniversityofTechnologyPress,kaunas_university_of_technology_press,
1.0,TEASPress,teas_press,
1.0,TashkentIslamicUniversityDevelopmentFund,tashkent_islamic_university_development_fund,
1.0,NeyPublishing,ney_publishing,
1.0,GrazUniversityLibraryPublishing,graz_university_library_publishing,
1.0,UniversidaddelZuliaPublications,universidad_del_zulia_publications,
1.0,IUGS,iugs,
1.0,AsiaPacificAssociationofForestryResearchInstitutionsAPAFRI,asia_pacific_association_of_forestry_research_institutions_apafri,
1.0,ShahidSadoughiUniversityofMedicalSciences,shahid_sadoughi_university_of_medical_sciences,
1.0,AmericanSamoaCommunityCollegeSSI,american_samoa_community_college_ssi,
1.0,UniversidadNacionaldeAgriculturaHonduras,universidad_nacional_de_agricultura_honduras,
1.0,AhmedBabaInstituteofHigherLearningandIslamicResearch,ahmed_baba_institute_of_higher_learning_and_islamic_research,
1.0,JinnahUniversityforWomen,jinnah_university_for_women,
1.0,UiTMPress,uitm_press,
1.0,UPMPress,upm_press,
1.0,TashkentStateUniversityofEconomicsPublishing,tashkent_state_university_of_economics_publishing,
1.0,MyanmarUniversityPress,myanmar_university_press,
1.0,AcademyofSciencesofAlbania,academy_of_sciences_of_albania,
1.0,AdvancedInstituteforIslamicStudiesandResearchMauritania,advanced_institute_for_islamic_studies_and_research_mauritania,
1.0,IUBS,iubs,
1.0,VEDAPublishingHouse,veda_publishing_house,
1.0,NearEastUniversityIslamicResearchCenter,near_east_university_islamic_research_center,
1.0,UniversityofLatviaPress,university_of_latvia_press,
1.0,RoyalUniversityofBhutan,royal_university_of_bhutan,
1.0,LuissUniversityPress,luiss_university_press,
1.0,UniversityofNoviSadPress,university_of_novi_sad_press,
1.0,GlobalLabourUniversity,global_labour_university,
1.0,TurkmenStateUniversityPublications,turkmen_state_university_publications,
1.0,AcademyoftheArabicLanguageinIsrael,academy_of_the_arabic_language_in_israel,
1.0,AcademyofSciencesofAfghanistan,academy_of_sciences_of_afghanistan,
1.0,StKlimentOhridskiUniversityPress,st_kliment_ohridski_university_press,
1.0,NUSPress,nus_press,
1.0,VASTPublishing,vast_publishing,
1.0,SanaaUniversityPublications,sana_a_university_publications,
1.0,PacificAdventistUniversityPublications,pacific_adventist_university_publications,
1.0,SolomonIslandsNationalUniversity,solomon_islands_national_university,
1.0,UniversityofIcelandPress,university_of_iceland_press,
1.0,PalauCommunityCollegePublications,palau_community_college_publications,
1.0,ASEANResearchCenterARC,asean_research_center_arc,
1.0,UniversityofBaghdadPublications,university_of_baghdad_publications,
1.0,Wayeb,wayeb,
1.0,PUCAC,pucac,
1.0,IUPAP,iupap,
1.0,NorthernMarianasCollegeImprint,northern_marianas_college_imprint,
1.0,ManasUniversityPress,manas_university_press,
1.0,MakerereUniversityPress,makerere_university_press,
1.0,UniversityofBelizePublications,university_of_belize_publications,
1.0,ArmenianStatePedagogicalUniversity,armenian_state_pedagogical_university,
1.0,SharifUniversityofTechnologyPress,sharif_university_of_technology_press,
1.0,EditorialUNAG,editorial_unag,
1.0,BarayevResearchandProductionCentreforGrainFarming,barayev_research_and_production_centre_for_grain_farming,
1.0,UNECPress,unec_press,
1.0,WorldMaritimeUniversity,world_maritime_university,
1.0,IUFRO,iufro,
1.0,CEUPress,ceu_press,
1.0,GylymPublishingHouse,gylym_publishing_house,
1.0,AfghanistanCentreatKabulUniversity,afghanistan_centre_at_kabul_university,
1.0,LumbiniBuddhistUniversityPublications,lumbini_buddhist_university_publications,
1.0,AbaiKazakhNationalPedagogicalUniversity,abai_kazakh_national_pedagogical_university,
1.0,UniversityofSanCarlosPress,university_of_san_carlos_press,
1.0,UniversityofthePhilippinesPress,university_of_the_philippines_press,
1.0,BangladeshAcademyofSciences,bangladesh_academy_of_sciences,
1.0,PacificTheologicalCollegePublishing,pacific_theological_college_publishing,
1.0,RoyalUniversityofPhnomPenhPublications,royal_university_of_phnom_penh_publications,
1.0,ProaPublications,proa_publications,
1.0,UUMPress,uum_press,
1.0,AfghanistanAcademyofSciences,afghanistan_academy_of_sciences,
1.0,AcademyofSciencesofMoldova,academy_of_sciences_of_moldova,
1.0,UniversityofBaghdadJournals,university_of_baghdad_journals,
1.0,UniversityofPeradeniyaPress,university_of_peradeniya_press,
1.0,UniversityofGuyanaPress,university_of_guyana_press,
1.0,AsianNetworkofTrainingandResearchInstitutionsinEducationalPlanning,asian_network_of_training_and_research_institutions_in_educational_planning,
1.0,UniversidadeAgostinhoNeto,universidade_agostinho_neto,
1.0,ArabCouncilfortheSocialSciencesACSS,arab_council_for_the_social_sciences_acss,https://www.theacss.org/
1.0,TIOPublishing,tio_publishing,
1.0,CanoePress,canoe_press,
1.0,ArwiqaforResearchandPublishing,arwiqa_for_research_and_publishing,
1.0,AlmaUPress,almau_press,
1.0,AcademyofSciencesofTurkmenistan,academy_of_sciences_of_turkmenistan,
1.0,KazakhNationalAgrarianResearchUniversityKazNARUPress,kazakh_national_agrarian_research_university_kaznaru_press,
1.0,MagtymgulyTurkmenStateUniversityPublications,magtymguly_turkmen_state_university_publications,
1.0,ElmPublishingHouse,elm_publishing_house,
1.0,UnitedArabEmiratesUniversityPublications,united_arab_emirates_university_publications,
1.0,CollegeoftheMarshallIslandsPublications,college_of_the_marshall_islands_publications,
1.0,AlHaq,al_haq,https://www.alhaq.org/
1.0,UniversidaddeMontevideo,universidad_de_montevideo,
1.0,RSUHPress,rsuh_press,
1.0,EADH,eadh,
1.0,UniversidadeEduardoMondlaneUEM,universidade_eduardo_mondlane_uem,https://repositorio.uem.mz/
1.0,UniversityofSierraLeonePublications,university_of_sierra_leone_publications,
1.0,TabrizIslamicArtUniversity,tabriz_islamic_art_university,
1.0,TSUPress,tsu_press,
1.0,UniversityofGhanaPress,university_of_ghana_press,
1.0,EditorialURSS,editorial_urss,
1.0,UniversityofBenghaziScientificJournals,university_of_benghazi_scientific_journals,
1.0,UniversityofZimbabwePress,university_of_zimbabwe_press,
1.0,MongolianUniversityofScienceandTechnology,mongolian_university_of_science_and_technology,
1.0,Ilim,ilim,
1.0,AcademyofSciencesandArtsofBosniaandHerzegovina,academy_of_sciences_and_arts_of_bosnia_and_herzegovina,
1.0,UniversidadeNacionalTimorLorosae,universidade_nacional_timor_lorosa_e,
1.0,AUIBPress,auib_press,
1.0,IUPAC,iupac,
1.0,SanResearchCentreUniversityofBotswana,san_research_centre_university_of_botswana,
1.0,UniversityofthePhilippinesDepartmentofLinguistics,university_of_the_philippines_department_of_linguistics,
1.0,ArabAcademyofDamascus,arab_academy_of_damascus,
1.0,ICUPublishing,icu_publishing,
1.0,DaikPress,daik_press,
1.0,UniversityofSzegedPress,university_of_szeged_press,
1.0,AcademyofAthensPress,academy_of_athens_press,
1.0,EditorialUSB,editorial_usb,
1.0,CollegeofMicronesiaFSMPublications,college_of_micronesia_fsm_publications,
1.0,UniversidadedeCaboVerdePublications,universidade_de_cabo_verde_publications,
1.0,IslamicUniversityofMaldivesCenterforResearchandPublication,islamic_university_of_maldives_center_for_research_and_publication,
1.0,PiterPublishing,piter_publishing,
1.0,AfricanTrainingandResearchCentreinAdministrationforDevelopmentCAFRAD,african_training_and_research_centre_in_administration_for_development_cafrad,http://www.cafrad.org/publications/
1.0,SherubtseCollegePublications,sherubtse_college_publications,
1.0,AsianCouncilofScienceEditors,asian_council_of_science_editors,
1.0,Gylym,gylym,
1.0,AcademyofRomanianScientistsPublishingHouse,academy_of_romanian_scientists_publishing_house,
1.0,NationalUniversityofMongoliaPress,national_university_of_mongolia_press,
1.0,RussianTajikSlavonicUniversity,russian_tajik_slavonic_university,
1.0,JIU,jiu,
1.0,KocUniversityPress,koc_university_press,
1.0,UniversityofSarajevoPress,university_of_sarajevo_press,
1.0,MoscowStateUniversityPublishingHouse,moscow_state_university_publishing_house,
1.0,House9Publications,house_9_publications,
1.0,IMFPublications,imf_publications,
1.0,UniversityofLjubljanaPress,university_of_ljubljana_press,
1.0,NairiPublishingHouse,nairi_publishing_house,
1.0,AframPublications,afram_publications,
1.0,NIASPress,nias_press,
1.0,VigoUniversity,vigo_university,
1.0,AlbionFisheriesResearchCentreMauritius,albion_fisheries_research_centre_mauritius,
1.0,LNGumilyovEurasianNationalUniversityPress,ln_gumilyov_eurasian_national_university_press,
1.0,EditorialUMSA,editorial_umsa,
1.0,NationalUniversityofMalaysia,national_university_of_malaysia,
1.0,AcademyofSomaliStudies,academy_of_somali_studies,
1.0,AcademyofFineArtsVienna,academy_of_fine_arts_vienna,
1.0,EditorialULA,editorial_ula,
1.0,ArvisPublishing,arvis_publishing,
1.0,SaintJosephUniversityPublications,saint_joseph_university_publications,
1.0,UAEUPress,uaeu_press,
1.0,UniversityoftheCordillerasPublications,university_of_the_cordilleras_publications,
1.0,LanPublishing,lan_publishing,
1.0,NUMPress,num_press,
1.0,EditorialEUNA,editorial_euna,
1.0,EditorialUSMA,editorial_usma,
1.0,GeorgeEmilPaladeUniversityPress,george_emil_palade_university_press,
1.0,AUCAPublications,auca_publications,
1.0,IMMA,imma,
1.0,WayebPublications,wayeb_publications,
1.0,YlymPublishingHouse,ylym_publishing_house,
1.0,TheChineseUniversityofHongKongPress,the_chinese_university_of_hong_kong_press,
1.0,IWGIA,iwgia,
1.0,BatumiStateUniversityPress,batumi_state_university_press,
1.0,NationalUniversityofSamoaPublications,national_university_of_samoa_publications,
1.0,SAMT,samt,
1.0,IAU,iau,
1.0,InternationalUniversityofSarajevoPress,international_university_of_sarajevo_press,
1.0,UniversidadNacionaldeCienciasForestalesHonduras,universidad_nacional_de_ciencias_forestales_honduras,
1.0,UniversidadeAgostinhoNetoUAN,universidade_agostinho_neto_uan,https://www.uan.ao/
1.0,EditorialUPNFM,editorial_upnfm,
1.0,MongolianUniversityofEducationPublications,mongolian_university_of_education_publications,
1.0,PontificalEthiopianCollege,pontifical_ethiopian_college,
1.0,LogosPress,logos_press,
1.0,MARCPublications,marc_publications,
1.0,AcademyofSciencesofTajikistan,academy_of_sciences_of_tajikistan,
1.0,AfricanAcademyofLanguages,african_academy_of_languages,
1.0,IIPH,iiph,
1.0,KuwaitUniversityPress,kuwait_university_press,
1.0,UniversityofTiranaPress,university_of_tirana_press,
1.0,UTMPress,utm_press,
1.0,KhesarGyalpoUniversityofMedicalSciencesPublications,khesar_gyalpo_university_of_medical_sciences_publications,
1.0,UNTLPublications,untl_publications,
1.0,UpperNileUniversity,upper_nile_university,
1.0,IUGG,iugg,
1.0,VietnamNationalUniversityPressHanoi,vietnam_national_university_press_hanoi,
1.0,SaeedPublications,saeed_publications,
1.0,UniversityofHumanitiesMongolia,university_of_humanities_mongolia,
1.0,MaldivesNationalUniversityPublications,maldives_national_university_publications,
1.0,KingFahdUniversityofPetroleumandMineralsPress,king_fahd_university_of_petroleum_and_minerals_press,
1.0,EdicionesINTEC,ediciones_intec,
1.0,HueUniversityJournalofScience,hue_university_journal_of_science,
1.0,UniversityofSeychelles,university_of_seychelles,
1.0,SINUPublications,sinu_publications,
1.0,UniversityofMontenegroPublishingCouncil,university_of_montenegro_publishing_council,
1.0,BangladeshOceanographicResearchInstituteBORI,bangladesh_oceanographic_research_institute_bori,
1.0,UniversityofFijiPublications,university_of_fiji_publications,
1.0,AUSPress,aus_press,
1.0,UniversityofHaifaPress,university_of_haifa_press,
1.0,UniversityofKragujevacPress,university_of_kragujevac_press,
1.0,IslamicUniversityofMadinahPress,islamic_university_of_madinah_press,
1.0,BanglaAcademy,bangla_academy,
1.0,Gylim,gylim,
1.0,UniversidaddelaEmpresa,universidad_de_la_empresa,
1.0,EditorialUNAH,editorial_unah,
1.0,UniversityofNicosiaPress,university_of_nicosia_press,
1.0,IUIS,iuis,
1.0,UrimPublications,urim_publications,
1.0,CEDO,cedo,
1.0,UniversityofLaRioja,university_of_la_rioja,
1.0,NaifArabUniversityPublishing,naif_arab_university_publishing,
1.0,UniversityofPapuaNewGuineaPress,university_of_papua_new_guinea_press,
1.0,WTOPublications,wto_publications,
1.0,UniversityofMacauPublications,university_of_macau_publications,
1.0,AcademyofSciencesofAlbaniaInstituteofFolkCulture,academy_of_sciences_of_albania_institute_of_folk_culture,
1.0,AmericanUniversityinCairoPress,american_university_in_cairo_press,https://www.aucpress.com/
1.0,UniversityofJubaPublications,university_of_juba_publications,
1.0,MilikPublishing,milik_publishing,
1.0,UniversidadeNacionalTimorLorosaeUNTL,universidade_nacional_timor_lorosa_e_untl,https://untl.edu.tl/pt/
1.0,IFAN,ifan,
1.0,AcademyofSciencesMalaysiaASM,academy_of_sciences_malaysia_asm,https://www.akademisains.gov.my/publications/
1.0,BahrelGhazalUniversity,bahr_el_ghazal_university,
1.0,UppsalaUniversityPublications,uppsala_university_publications,
1.0,UniversityofRwandaPublications,university_of_rwanda_publications,
1.0,AcademyoftheHebrewLanguage,academy_of_the_hebrew_language,
1.0,UNDP,undp,
1.0,DhakaUniversityPublicationBureau,dhaka_university_publication_bureau,
1.0,BangladeshRiceResearchInstituteBRRI,bangladesh_rice_research_institute_brri,
1.0,UnitedNationsUniversity,united_nations_university,
0,UniversidadAutónomadeSanLuisPotosí,universidad_autónoma_de_san_luis_potosí,
0,EditoraUniversitáriaUniversidadedeSantiago,editora_universitária_universidade_de_santiago,
0,KenyaNationalAcademyofSciencesKNAS,knas_kenya_academy,https://www.knas.or.ke/
0,UniversidadAutónomadeYucatán,universidad_autónoma_de_yucatán,
0,UniversityofCádiz,university_of_c_diz,
0,NationalHealthandMedicalResearchCouncilNHMRCAustralia,nhmrc_australia_guidelines,https://www.nhmrc.gov.au/guidelines-publications
0,UniversidadAutónomadeAsunción,universidad_aut_noma_de_asunci_n,
0,SomaliRegionPastoralandAgropastoralResearchInstituteSoRPARI,somali_region_pastoral_agro_pastoral_research_institute,
0,UniversityofNišPress,university_of_ni_press,
0,AcademiaBrasileiradeCiências,academia_brasileira_de_ci_ncias,
0,KazakhUniversity,kazakh_university,
0,UniversidadeAmílcarCabral,universidade_am_lcar_cabral,
0,CentrodeInvestigacionesyEstudiosSuperioresenAntropo,centro_de_investigaciones_y_estudios_superiores_en_antropo,
0,AcademyoftheSocialSciencesinAustraliaASSA,assa_academy_social_sciences_australia,https://socialsciences.org.au/
0,UniversidadAutónomaNuevoLeón,universidad_autónoma_nuevo_león,
0,UniversityoftheSouthPacific,university_of_the_south_pacific,
0,KALRORangelandResearchProgramme,kenya_agricultural_and_livestock_research_organisation_rangeland,
0,ForeignLanguageTeachingandResearchPress,foreign_language_teaching_and_research_press,
0,GUP,gup,
0,EditoradaUniversidadedeBrasíliaDesign,editora_da_universidade_de_brasília_design,
0,WestAfricanCollegeofPhysiciansWACP,wacp_medical_college_publications,https://wacpco.org/
0,CentreforAboriginalEconomicPolicyResearchCAEPR,caepr_anu_aboriginal_policy,https://caepr.anu.edu.au/
0,UniversidadJuárezAutónomadeTabasco,universidad_ju_rez_aut_noma_de_tabasco,
0,MuseoNacionaldeAntropologíaINAH,museo_nacional_antropologia_inah_mexico,https://mna.inah.gob.mx/
0,ElColegiodeMichoacán,el_colegio_de_michoac_n,
0,AcademyofSciencesofUzbekistan,academy_of_sciences_of_uzbekistan,https://academy.uz/
0,YerevanStateUniversity,yerevan_state_university,
0,UniversidaddelasRegionesAutónomasdelaCostaCaribeNicaragüense,universidad_de_las_regiones_aut_nomas_de_la_costa_caribe_nicarag_ense,
0,BahçeşehirUniversityPublications,bahçeşehir_university_publications,
0,UniversityofGdańskPress,university_of_gda_sk_press,
0,AustrianAcademyofSciencesÖAW,austrian_academy_of_sciences_aw,
0,InstituteforSocialandEconomicResearchISERRhodes,institute_for_social_and_economic_research_rhodes,https://www.ru.ac.za/iser/
0,EditorialRaíces,editorial_ra_ces,
0,InstituteofChinaStudiesICSUniversityofMalaya,ics_university_of_malaya,https://ics.um.edu.my/
0,EötvösUniversityPress,eötvös_university_press,
0,CentrodeEstudoseInvestigaçãoCientíficadaUniversidadeCatólicadeAngola,centro_de_estudos_e_investigação_científica_da_universidade_católica_de_angola,
0,WestUniversityofTimișoaraPress,west_university_of_timi_oara_press,
0,AfarPastoralandAgropastoralResearchInstituteAPARI,afar_pastoral_and_agro_pastoral_research_institute,
0,NationalInstituteforSpaceResearchINPE,inpe_brazil_space_research,http://www.inpe.br/biblioteca/publicacoes.php
0,UniversidadPopularAutónomadelEstadodePuebla,universidad_popular_autónoma_del_estado_de_puebla,
0,InternationalLivestockResearchInstituteILRIMonographs,international_livestock_research_institute_monographs,
0,FLACSOMéxico,flacso_m_xico,
0,EditorialUniversidaddeCienciasMédicasCostaRica,editorial_universidad_de_ciencias_médicas_costa_rica,
0,AssociaçãoBrasileiradasEditorasUniversitárias,associa_o_brasileira_das_editoras_universit_rias,
0,UniversityofAlcalá,university_of_alcal,
0,UniversidadEspecializadadelasAméricas,universidad_especializada_de_las_am_ricas,
0,Nám,n_m,
0,TbilisiStateUniversity,tbilisi_state_university,
0,UniversidadAutónomadeChiriquí,universidad_aut_noma_de_chiriqu,
0,InstituteofPastoralismDevelopmentandResearchIPDRKenya,institute_of_pastoralism_development_and_research_kenya,
0,MalmöUniversityCaucasusStudies,malm_university_caucasus_studies,
0,MuseodeAntropologíadeXalapa,museo_de_antropología_de_xalapa,
0,KazakhUniversityPublishingHouse,kazakh_university_publishing_house,
0,UniversidadMarítimaInternacionaldePanamá,universidad_mar_tima_internacional_de_panam,
0,ÖAW,aw,
0,ArchivoGeneraldelaNaciónArgentina,archivo_general_de_la_naci_n_argentina,
0,IGADCentreforPastoralAreasandLivestockDevelopmentI,igad_centre_for_pastoral_areas_and_livestock_development_i,
