filename,size_bytes,sha256,origin,source_path_or_member
00_READ_FIRST_CONTINUITY_HANDOFF_2026-04-30_post_tranche8_vFINAL.md,2265,9d8850f0d96f313c6bc7162c1bb6a997e5b7bc844abb643dd7b15d5fe666a199,generated_handoff_doc,generated_current_chat
CAPSULE_HISTORY_OF_THIS_CHAT_2026-04-30_post_tranche8_vFINAL.md,1872,d38a9ed06c29638ee883edc481524b3e4269b4968eabb778506cbcdf26c0553e,generated_handoff_doc,generated_current_chat
COMPLETE_CHAT_TRANSCRIPT_RECONSTRUCTED_2026-04-30_post_tranche8_vFINAL.md,7661,3b6b1ee4b79d1880fe7a8b54cace063548a7e3ddbeda6f876560bf4cef47f3c1,generated_handoff_doc,generated_current_chat
CURRENT_STATE_SNAPSHOT_2026-04-30_post_tranche8_vFINAL.json,3525,75bef76320025280c96fd296c0b955cb7528b9afc9df04936e56f7ddb140c4da,generated_handoff_doc,generated_current_chat
FORCED_RESUME_PROMPT_2026-04-30_post_tranche8_vFINAL.md,2372,9f07b97e31b45f956703033a4c5cb14bf37a13f5ac5fa4f8136525465fe2ea7e,generated_handoff_doc,generated_current_chat
KNOWN_GAPS_AND_INTEGRITY_NOTES_2026-04-30_post_tranche8_vFINAL.md,2026,754d4bc6f3faa4880477437c724c2216bca8c05cc232fe3e2e29913e9aca9c64,generated_handoff_doc,generated_current_chat
MANIFEST_SHA256_2026-04-30_post_tranche8_vFINAL.txt,52868,9b1853282fe5a7cd1393e2760325996a0c4017b4278c477f9b5f85e7c1eab73a,generated_index,generated_current_chat
NON_SUPERSEDED_ARTIFACT_INDEX_2026-04-30_post_tranche8_vFINAL.csv,94916,06d6c3d67e025f799fa3b5089298e7968b06338240fde8e19dcf316cdb52b40f,generated_index,generated_current_chat
RUNBOOK_NETWORK_ENABLED_HARVEST_2026-04-30_post_tranche8_vFINAL.md,1772,fb525e0a2447a896a8d885f2003f9e443510dca4e6a77db3d7d6e40afb3eb300,generated_handoff_doc,generated_current_chat
SUPERSEDED_OR_EXCLUDED_ARTIFACT_INDEX_2026-04-30_post_tranche8_vFINAL.csv,4668,d8f0151a94ed4e648560a9fbfddf206e6eb1753c7d2496fdcc1c0d94387f6ffd,generated_index,generated_current_chat
TECHNICAL_OBSERVATIONS_AND_DECISIONS_2026-04-30_post_tranche8_vFINAL.md,2740,3e78a7a1f566ce4c233ea06999a5d7d93f544a732bd3d29795fa2cc59e8f1109,generated_handoff_doc,generated_current_chat
argentina_sinca_librerias_probe_checkpoint_2026-04-25_v1__argentina_sinca_librerias_field_map_2026-04-25.csv,2401,e376f083879d4fe72c8e137af7737255ada608eb54ae1b7876ce86ff9f9a9bc5,extracted_from_zip_no_nested_zip,argentina_sinca_librerias_probe_checkpoint_2026-04-25_v1.zip::argentina_sinca_librerias_field_map_2026-04-25.csv
argentina_sinca_librerias_probe_checkpoint_2026-04-25_v1__argentina_sinca_librerias_harvester_2026-04-25.py,7784,4537423bc9fb5e89034fb9dd11a9ece33a4e78d4ec4e63744cc4299f38d525f2,extracted_from_zip_no_nested_zip,argentina_sinca_librerias_probe_checkpoint_2026-04-25_v1.zip::argentina_sinca_librerias_harvester_2026-04-25.py
argentina_sinca_librerias_probe_checkpoint_2026-04-25_v1__argentina_sinca_librerias_normalized_schema_empty_2026-04-25.csv,435,090d0cdb4ce22c3763d19aacc4b6e1995f6462fa1019d54eb75b2755a24d5819,extracted_from_zip_no_nested_zip,argentina_sinca_librerias_probe_checkpoint_2026-04-25_v1.zip::argentina_sinca_librerias_normalized_schema_empty_2026-04-25.csv
argentina_sinca_librerias_probe_checkpoint_2026-04-25_v1__argentina_sinca_librerias_probe_report_2026-04-25.md,3656,e3a1dbf3873f407bd2c015c298ff1353e2bbbeea910b4d6137299c98ce55307b,extracted_from_zip_no_nested_zip,argentina_sinca_librerias_probe_checkpoint_2026-04-25_v1.zip::argentina_sinca_librerias_probe_report_2026-04-25.md
argentina_sinca_librerias_probe_checkpoint_2026-04-25_v1__argentina_sinca_librerias_probe_summary_2026-04-25.json,1808,4333c61024be6db667196406339bcd1feb91cd1d44af1cae5aaa0176bcef3bd7,extracted_from_zip_no_nested_zip,argentina_sinca_librerias_probe_checkpoint_2026-04-25_v1.zip::argentina_sinca_librerias_probe_summary_2026-04-25.json
argentina_sinca_librerias_probe_checkpoint_2026-04-25_v1__argentina_sinca_librerias_source_evidence_ledger_2026-04-25.csv,1851,37b416535d086d68fedb67cd6e43e2561e99a1a5d7f40c8e6bfaad2c35ee847b,extracted_from_zip_no_nested_zip,argentina_sinca_librerias_probe_checkpoint_2026-04-25_v1.zip::argentina_sinca_librerias_source_evidence_ledger_2026-04-25.csv
argentina_sinca_librerias_probe_checkpoint_2026-04-25_v1__argentina_sinca_probe_artifact_manifest_2026-04-25.csv,942,51edd9d3302e1da6f49a789a83eb60c1a77393bd6df63cf762f3fc5e28119777,extracted_from_zip_no_nested_zip,argentina_sinca_librerias_probe_checkpoint_2026-04-25_v1.zip::argentina_sinca_probe_artifact_manifest_2026-04-25.csv
argentina_sinca_librerias_probe_checkpoint_2026-04-25_v1__bookstore_registry_harvest_manifest_tranche1_2026-04-25_argentina_probe_update.csv,10911,48e683c79259efd6a25534b8b83d0f598a7ae5c697079786441f1f831b79defb,extracted_from_zip_no_nested_zip,argentina_sinca_librerias_probe_checkpoint_2026-04-25_v1.zip::bookstore_registry_harvest_manifest_tranche1_2026-04-25_argentina_probe_update.csv
argentina_sinca_probe__argentina_sinca_librerias_field_map_2026-04-25.csv,2401,e376f083879d4fe72c8e137af7737255ada608eb54ae1b7876ce86ff9f9a9bc5,filesystem_non_zip,argentina_sinca_probe/argentina_sinca_librerias_field_map_2026-04-25.csv
argentina_sinca_probe__argentina_sinca_librerias_harvester_2026-04-25.py,7784,4537423bc9fb5e89034fb9dd11a9ece33a4e78d4ec4e63744cc4299f38d525f2,filesystem_non_zip,argentina_sinca_probe/argentina_sinca_librerias_harvester_2026-04-25.py
argentina_sinca_probe__argentina_sinca_librerias_normalized_schema_empty_2026-04-25.csv,435,090d0cdb4ce22c3763d19aacc4b6e1995f6462fa1019d54eb75b2755a24d5819,filesystem_non_zip,argentina_sinca_probe/argentina_sinca_librerias_normalized_schema_empty_2026-04-25.csv
argentina_sinca_probe__argentina_sinca_librerias_probe_report_2026-04-25.md,3656,e3a1dbf3873f407bd2c015c298ff1353e2bbbeea910b4d6137299c98ce55307b,filesystem_non_zip,argentina_sinca_probe/argentina_sinca_librerias_probe_report_2026-04-25.md
argentina_sinca_probe__argentina_sinca_librerias_probe_summary_2026-04-25.json,1808,4333c61024be6db667196406339bcd1feb91cd1d44af1cae5aaa0176bcef3bd7,filesystem_non_zip,argentina_sinca_probe/argentina_sinca_librerias_probe_summary_2026-04-25.json
argentina_sinca_probe__argentina_sinca_librerias_source_evidence_ledger_2026-04-25.csv,1851,37b416535d086d68fedb67cd6e43e2561e99a1a5d7f40c8e6bfaad2c35ee847b,filesystem_non_zip,argentina_sinca_probe/argentina_sinca_librerias_source_evidence_ledger_2026-04-25.csv
argentina_sinca_probe__argentina_sinca_probe_artifact_manifest_2026-04-25.csv,942,51edd9d3302e1da6f49a789a83eb60c1a77393bd6df63cf762f3fc5e28119777,filesystem_non_zip,argentina_sinca_probe/argentina_sinca_probe_artifact_manifest_2026-04-25.csv
argentina_sinca_probe__bookstore_registry_harvest_manifest_tranche1_2026-04-25_argentina_probe_update.csv,10911,48e683c79259efd6a25534b8b83d0f598a7ae5c697079786441f1f831b79defb,filesystem_non_zip,argentina_sinca_probe/bookstore_registry_harvest_manifest_tranche1_2026-04-25_argentina_probe_update.csv
australia_bookpeople_loveyourbookshop_probe__australia_bookpeople_loveyourbookshop_probe_report_2026-04-26.md,3242,b5e26348b5a9113ae61a5f5f0dacbd796f4f11b854f6eaf652aa464fa447ac30,filesystem_non_zip,australia_bookpeople_loveyourbookshop_probe/australia_bookpeople_loveyourbookshop_probe_report_2026-04-26.md
australia_bookpeople_loveyourbookshop_probe__bookstore_registry_harvest_manifest_tranche1_2026-04-26_australia_probe_update.csv,17592,181a6165f680cc3c335e6e1a736b097ff76a86e120ee75cc1b970377500f6ac5,filesystem_non_zip,australia_bookpeople_loveyourbookshop_probe/bookstore_registry_harvest_manifest_tranche1_2026-04-26_australia_probe_update.csv
australia_bookpeople_loveyourbookshop_probe_checkpoint_2026-04-26_v1__australia_bookpeople_loveyourbookshop_field_map_2026-04-26.csv,1801,97b0cea9c4e06aa38724d794532fbadda905cb3af212117ee535c248faf7f132,extracted_from_zip_no_nested_zip,australia_bookpeople_loveyourbookshop_probe_checkpoint_2026-04-26_v1.zip::australia_bookpeople_loveyourbookshop_field_map_2026-04-26.csv
australia_bookpeople_loveyourbookshop_probe_checkpoint_2026-04-26_v1__australia_bookpeople_loveyourbookshop_harvester_2026-04-26.py,4589,52b2d4331b1737dbe0d639b3a4f84d0302586aa91d65859fcf4c7241d41e97d6,extracted_from_zip_no_nested_zip,australia_bookpeople_loveyourbookshop_probe_checkpoint_2026-04-26_v1.zip::australia_bookpeople_loveyourbookshop_harvester_2026-04-26.py
australia_bookpeople_loveyourbookshop_probe_checkpoint_2026-04-26_v1__australia_bookpeople_loveyourbookshop_normalized_sample_2026-04-26.csv,2502,1a4d29ccc7481baeb94f07f1b2af7dab1d4a725ca5412ab5cf2dca75e3cd371a,extracted_from_zip_no_nested_zip,australia_bookpeople_loveyourbookshop_probe_checkpoint_2026-04-26_v1.zip::australia_bookpeople_loveyourbookshop_normalized_sample_2026-04-26.csv
australia_bookpeople_loveyourbookshop_probe_checkpoint_2026-04-26_v1__australia_bookpeople_loveyourbookshop_probe_artifact_manifest_2026-04-26.csv,1004,255b439d8c9ded75377deb786852715067f6ba9b49e2c2c6820ed2c4d7e2ac19,extracted_from_zip_no_nested_zip,australia_bookpeople_loveyourbookshop_probe_checkpoint_2026-04-26_v1.zip::australia_bookpeople_loveyourbookshop_probe_artifact_manifest_2026-04-26.csv
australia_bookpeople_loveyourbookshop_probe_checkpoint_2026-04-26_v1__australia_bookpeople_loveyourbookshop_probe_report_2026-04-26.md,3242,b5e26348b5a9113ae61a5f5f0dacbd796f4f11b854f6eaf652aa464fa447ac30,extracted_from_zip_no_nested_zip,australia_bookpeople_loveyourbookshop_probe_checkpoint_2026-04-26_v1.zip::australia_bookpeople_loveyourbookshop_probe_report_2026-04-26.md
australia_bookpeople_loveyourbookshop_probe_checkpoint_2026-04-26_v1__australia_bookpeople_loveyourbookshop_probe_summary_2026-04-26.json,949,765122fe117673ce29c622a6cb9e24c1dc8d594259289a609b940ba10afff7fe,extracted_from_zip_no_nested_zip,australia_bookpeople_loveyourbookshop_probe_checkpoint_2026-04-26_v1.zip::australia_bookpeople_loveyourbookshop_probe_summary_2026-04-26.json
australia_bookpeople_loveyourbookshop_probe_checkpoint_2026-04-26_v1__australia_bookpeople_loveyourbookshop_source_evidence_ledger_2026-04-26.csv,2271,9fd960279b43974aa6e194458943d7fa1294dc369d427d4dd014df46d4e6f90e,extracted_from_zip_no_nested_zip,australia_bookpeople_loveyourbookshop_probe_checkpoint_2026-04-26_v1.zip::australia_bookpeople_loveyourbookshop_source_evidence_ledger_2026-04-26.csv
australia_bookpeople_loveyourbookshop_probe_checkpoint_2026-04-26_v1__bookstore_registry_harvest_manifest_tranche1_2026-04-26_australia_probe_update.csv,17592,181a6165f680cc3c335e6e1a736b097ff76a86e120ee75cc1b970377500f6ac5,extracted_from_zip_no_nested_zip,australia_bookpeople_loveyourbookshop_probe_checkpoint_2026-04-26_v1.zip::bookstore_registry_harvest_manifest_tranche1_2026-04-26_australia_probe_update.csv
bookstore_registry_execution_harvest_2026-04-26_v1__CURRENT_STATE_SNAPSHOT_2026-04-26.json,508,fc244786ffbcae080023856203578af1bb59216a82825b23f136fc3b29b89c5f,filesystem_non_zip,bookstore_registry_execution_harvest_2026-04-26_v1/CURRENT_STATE_SNAPSHOT_2026-04-26.json
bookstore_registry_execution_harvest_2026-04-26_v1__EXECUTION_ATTEMPT_REPORT_2026-04-26.md,2320,a6d7df9a4b5fbc3a4a86b1c7981a49b2d5d22b27e87d46b2dfeb6343d69f2603,filesystem_non_zip,bookstore_registry_execution_harvest_2026-04-26_v1/EXECUTION_ATTEMPT_REPORT_2026-04-26.md
bookstore_registry_execution_harvest_2026-04-26_v1__README_RUN_THIS_FIRST_2026-04-26.md,668,af5755325fc7bb969591ed118a9e4e677823b5977fb0733eb73065d7a91b9e45,filesystem_non_zip,bookstore_registry_execution_harvest_2026-04-26_v1/README_RUN_THIS_FIRST_2026-04-26.md
bookstore_registry_execution_harvest_2026-04-26_v1__artifact_manifest_2026-04-26.csv,3308,3bf2efbef22b0636ca28f6b3510d451936b687702a84dbd893be9116f0fc75f8,filesystem_non_zip,bookstore_registry_execution_harvest_2026-04-26_v1/artifact_manifest_2026-04-26.csv
bookstore_registry_execution_harvest_2026-04-26_v1__harvest_queue_manifest_2026-04-26.csv,1745,18215676f8f5d7b311f032bf107cefe08396edf33c6116785aa0cbab5f815c1c,filesystem_non_zip,bookstore_registry_execution_harvest_2026-04-26_v1/harvest_queue_manifest_2026-04-26.csv
bookstore_registry_execution_harvest_2026-04-26_v1__master_runner_console_2026-04-26.txt,3964,6260ad148c037ca033cb1b609d8175696bb89cfbd05e6bb0a205c9ee63ea0926,extracted_from_zip_no_nested_zip,bookstore_registry_execution_harvest_2026-04-26_v1.zip::master_runner_console_2026-04-26.txt
bookstore_registry_execution_harvest_2026-04-26_v1__network_diagnostics_2026-04-26.txt,942,d4b6132c5291459b2767b99fe81e786d2d8c3e5ef27a5b9805f4a33efefc32b9,filesystem_non_zip,bookstore_registry_execution_harvest_2026-04-26_v1/network_diagnostics_2026-04-26.txt
bookstore_registry_execution_harvest_2026-04-26_v1__requirements.txt,52,1bc6d05cb9624d2379011ad96b42718dd1f7cc313b3685b8f672a362b2e78986,extracted_from_zip_no_nested_zip,bookstore_registry_execution_harvest_2026-04-26_v1.zip::requirements.txt
bookstore_registry_execution_harvest_2026-04-26_v1__run_first_executable_harvest_queue.py,4716,22bb28b74356c37261d582d31d4aa520490646bb6f5da6dce2dfa57004ffa890,extracted_from_zip_no_nested_zip,bookstore_registry_execution_harvest_2026-04-26_v1.zip::run_first_executable_harvest_queue.py
bookstore_registry_execution_harvest_2026-04-26_v1__run_first_executable_harvest_queue_selfcontained.py,4035,acd9afb5bd542bc5a04fdc538fb7e5b630618717f79cad8e218b95b67f973fd5,filesystem_non_zip,bookstore_registry_execution_harvest_2026-04-26_v1/run_first_executable_harvest_queue_selfcontained.py
bookstore_registry_execution_harvest_2026-04-26_v1__runs__20260426T152305Z__australia_bookpeople__australia_bookpeople_loveyourbookshop_normalized.csv,131,0f88d8cf637e5323d445ef10c8017c60b17ddbdefdd47e3312af7c0876617099,extracted_from_zip_no_nested_zip,bookstore_registry_execution_harvest_2026-04-26_v1.zip::runs/20260426T152305Z/australia_bookpeople/australia_bookpeople_loveyourbookshop_normalized.csv
bookstore_registry_execution_harvest_2026-04-26_v1__runs__20260426T152305Z__australia_bookpeople__australia_bookpeople_loveyourbookshop_raw_manifest.csv,25,9c850914809d611ff906a7149c6644c4ef6d3ef0bca3a415dbe51979fd1cdf41,extracted_from_zip_no_nested_zip,bookstore_registry_execution_harvest_2026-04-26_v1.zip::runs/20260426T152305Z/australia_bookpeople/australia_bookpeople_loveyourbookshop_raw_manifest.csv
bookstore_registry_execution_harvest_2026-04-26_v1__runs__20260426T152305Z__first_executable_harvest_queue_results.csv,2723,9276e6f707e621ea6977d920c3ff12cf43a02af5fd203f462be96db399aba048,extracted_from_zip_no_nested_zip,bookstore_registry_execution_harvest_2026-04-26_v1.zip::runs/20260426T152305Z/first_executable_harvest_queue_results.csv
bookstore_registry_execution_harvest_2026-04-26_v1__runs__20260426T152305Z__first_executable_harvest_queue_results.json,3963,448d91e29c0958b2b66c56e2e6aabbd893bf54ca1a36ce3fc6dd09a675a88040,extracted_from_zip_no_nested_zip,bookstore_registry_execution_harvest_2026-04-26_v1.zip::runs/20260426T152305Z/first_executable_harvest_queue_results.json
bookstore_registry_execution_harvest_2026-04-26_v1__runs__20260426T152305Z__logs__australia_bookpeople_profiles_smoke.stderr.txt,0,e3b0c44298fc1c149afbf4c8996fb92427ae41e4649b934ca495991b7852b855,extracted_from_zip_no_nested_zip,bookstore_registry_execution_harvest_2026-04-26_v1.zip::runs/20260426T152305Z/logs/australia_bookpeople_profiles_smoke.stderr.txt
bookstore_registry_execution_harvest_2026-04-26_v1__runs__20260426T152305Z__logs__australia_bookpeople_profiles_smoke.stdout.txt,47,8ee608c118073db132977bf876a1b5e2f38891279963c7a75093fd4af6a3b4f3,extracted_from_zip_no_nested_zip,bookstore_registry_execution_harvest_2026-04-26_v1.zip::runs/20260426T152305Z/logs/australia_bookpeople_profiles_smoke.stdout.txt
bookstore_registry_execution_harvest_2026-04-26_v1__runs__20260426T152305Z__logs__japan_kosho_profiles_smoke.stderr.txt,5086,1d55649b93304a3261b388d4915265743ee148e101135639f3a1d3979b5df96a,extracted_from_zip_no_nested_zip,bookstore_registry_execution_harvest_2026-04-26_v1.zip::runs/20260426T152305Z/logs/japan_kosho_profiles_smoke.stderr.txt
bookstore_registry_execution_harvest_2026-04-26_v1__runs__20260426T152305Z__logs__japan_kosho_profiles_smoke.stdout.txt,0,e3b0c44298fc1c149afbf4c8996fb92427ae41e4649b934ca495991b7852b855,extracted_from_zip_no_nested_zip,bookstore_registry_execution_harvest_2026-04-26_v1.zip::runs/20260426T152305Z/logs/japan_kosho_profiles_smoke.stdout.txt
bookstore_registry_execution_harvest_2026-04-26_v1__runs__20260426T152305Z__logs__mexico_sic_raw_json_csv_xml.stderr.txt,0,e3b0c44298fc1c149afbf4c8996fb92427ae41e4649b934ca495991b7852b855,extracted_from_zip_no_nested_zip,bookstore_registry_execution_harvest_2026-04-26_v1.zip::runs/20260426T152305Z/logs/mexico_sic_raw_json_csv_xml.stderr.txt
bookstore_registry_execution_harvest_2026-04-26_v1__runs__20260426T152305Z__logs__mexico_sic_raw_json_csv_xml.stdout.txt,119,bf747fc374c7ccc2c1774787d8f613078b4a7ced3dea56ac24fcb6339b6333d3,extracted_from_zip_no_nested_zip,bookstore_registry_execution_harvest_2026-04-26_v1.zip::runs/20260426T152305Z/logs/mexico_sic_raw_json_csv_xml.stdout.txt
bookstore_registry_execution_harvest_2026-04-26_v1__runs__20260426T152305Z__logs__new_zealand_booksellers_profiles_smoke.stderr.txt,5139,a040421fb72a28c5c6382026d00bf9cb5ce4ce4299880e6f41776e7f6a1c40d4,extracted_from_zip_no_nested_zip,bookstore_registry_execution_harvest_2026-04-26_v1.zip::runs/20260426T152305Z/logs/new_zealand_booksellers_profiles_smoke.stderr.txt
bookstore_registry_execution_harvest_2026-04-26_v1__runs__20260426T152305Z__logs__new_zealand_booksellers_profiles_smoke.stdout.txt,0,e3b0c44298fc1c149afbf4c8996fb92427ae41e4649b934ca495991b7852b855,extracted_from_zip_no_nested_zip,bookstore_registry_execution_harvest_2026-04-26_v1.zip::runs/20260426T152305Z/logs/new_zealand_booksellers_profiles_smoke.stdout.txt
bookstore_registry_execution_harvest_2026-04-26_v1__runs__20260426T152305Z__mexico_sic__download_manifest.csv,766,9ab4c57312b3e5b05273334dc62e3e34b032047203ed0fc79698d602bd1e216a,extracted_from_zip_no_nested_zip,bookstore_registry_execution_harvest_2026-04-26_v1.zip::runs/20260426T152305Z/mexico_sic/download_manifest.csv
bookstore_registry_execution_harvest_2026-04-26_v1__scripts__australia_bookpeople_loveyourbookshop_harvester.py,4589,52b2d4331b1737dbe0d639b3a4f84d0302586aa91d65859fcf4c7241d41e97d6,extracted_from_zip_no_nested_zip,bookstore_registry_execution_harvest_2026-04-26_v1.zip::scripts/australia_bookpeople_loveyourbookshop_harvester.py
bookstore_registry_execution_harvest_2026-04-26_v1__scripts__japan_ehon_kosho_harvester.py,3732,99bb66d0349152d6feaa4d4a48854a83c7667890bb3e8d0f4fb7c1d22a5dfc2d,extracted_from_zip_no_nested_zip,bookstore_registry_execution_harvest_2026-04-26_v1.zip::scripts/japan_ehon_kosho_harvester.py
bookstore_registry_execution_harvest_2026-04-26_v1__scripts__mexico_sic_librerias_harvester.py,7424,ae57a69223f054f5a1e6e2e5c83f9ee23e188ac2e6fea7079923b53346c19aa6,extracted_from_zip_no_nested_zip,bookstore_registry_execution_harvest_2026-04-26_v1.zip::scripts/mexico_sic_librerias_harvester.py
bookstore_registry_execution_harvest_2026-04-26_v1__scripts__new_zealand_booksellers_bookhub_harvester.py,3780,87bd88dc0587f67f09b9b84a1cdac5eb9bdc44a92bb6f9711e497b471b0ab40c,extracted_from_zip_no_nested_zip,bookstore_registry_execution_harvest_2026-04-26_v1.zip::scripts/new_zealand_booksellers_bookhub_harvester.py
bookstore_registry_execution_retry_2026-04-26_v2__CURRENT_STATE_SNAPSHOT_2026-04-26_v2.json,516,79601ea445159a6c12e2eca79fab54dc1567662ae7c7d13af562c9a5659a6792,filesystem_non_zip,bookstore_registry_execution_retry_2026-04-26_v2/CURRENT_STATE_SNAPSHOT_2026-04-26_v2.json
bookstore_registry_execution_retry_2026-04-26_v2__EXECUTION_RETRY_STOPLINE_2026-04-26_v2.md,1420,913a711b6b875dbc75112494d0901ea0c860a0ddbff4b3e93d093fd8d3649a5a,filesystem_non_zip,bookstore_registry_execution_retry_2026-04-26_v2/EXECUTION_RETRY_STOPLINE_2026-04-26_v2.md
bookstore_registry_execution_retry_2026-04-26_v2__network_retry_diagnostics_2026-04-26.txt,932,d397f6240f4358c2dabadecd4b70f6071671f843c2ae5fb12b8e4152b310512c,filesystem_non_zip,bookstore_registry_execution_retry_2026-04-26_v2/network_retry_diagnostics_2026-04-26.txt
bookstore_registry_execution_retry_2026-04-26_v2__next_network_run_manifest_2026-04-26.csv,1079,63ca1ed36ad6dd40643643603251a5763d74463a02324a7cc3b086e265728975,filesystem_non_zip,bookstore_registry_execution_retry_2026-04-26_v2/next_network_run_manifest_2026-04-26.csv
bookstore_registry_execution_retry_2026-04-26_v2__web_observed_partial_evidence_2026-04-26.csv,2047,e37a6a65086e1eccec297e2708a148df8ab370144eb29b633aae8de13cd69caa,filesystem_non_zip,bookstore_registry_execution_retry_2026-04-26_v2/web_observed_partial_evidence_2026-04-26.csv
bookstore_registry_execution_retry_2026-04-26_v2__web_sample_normalized_rows_NOT_FULL_HARVEST_2026-04-26.csv,1833,72b8d0274d95a583b968e335fc7d3948d0e678420ddd35fd78ade4c5a50498be,filesystem_non_zip,bookstore_registry_execution_retry_2026-04-26_v2/web_sample_normalized_rows_NOT_FULL_HARVEST_2026-04-26.csv
bookstore_registry_execution_retry_checkpoint_2026-04-26_v2__CURRENT_STATE_SNAPSHOT_2026-04-26_v2.json,516,79601ea445159a6c12e2eca79fab54dc1567662ae7c7d13af562c9a5659a6792,extracted_from_zip_no_nested_zip,bookstore_registry_execution_retry_checkpoint_2026-04-26_v2.zip::CURRENT_STATE_SNAPSHOT_2026-04-26_v2.json
bookstore_registry_execution_retry_checkpoint_2026-04-26_v2__EXECUTION_RETRY_STOPLINE_2026-04-26_v2.md,1420,913a711b6b875dbc75112494d0901ea0c860a0ddbff4b3e93d093fd8d3649a5a,extracted_from_zip_no_nested_zip,bookstore_registry_execution_retry_checkpoint_2026-04-26_v2.zip::EXECUTION_RETRY_STOPLINE_2026-04-26_v2.md
bookstore_registry_execution_retry_checkpoint_2026-04-26_v2__artifact_manifest_2026-04-26.csv,676,36bddc3f18d730a0d68961cb2931a7b1646a0af7dbc7293b1227895eb6a9d790,extracted_from_zip_no_nested_zip,bookstore_registry_execution_retry_checkpoint_2026-04-26_v2.zip::artifact_manifest_2026-04-26.csv
bookstore_registry_execution_retry_checkpoint_2026-04-26_v2__network_retry_diagnostics_2026-04-26.txt,932,d397f6240f4358c2dabadecd4b70f6071671f843c2ae5fb12b8e4152b310512c,extracted_from_zip_no_nested_zip,bookstore_registry_execution_retry_checkpoint_2026-04-26_v2.zip::network_retry_diagnostics_2026-04-26.txt
bookstore_registry_execution_retry_checkpoint_2026-04-26_v2__next_network_run_manifest_2026-04-26.csv,1079,63ca1ed36ad6dd40643643603251a5763d74463a02324a7cc3b086e265728975,extracted_from_zip_no_nested_zip,bookstore_registry_execution_retry_checkpoint_2026-04-26_v2.zip::next_network_run_manifest_2026-04-26.csv
bookstore_registry_execution_retry_checkpoint_2026-04-26_v2__web_observed_partial_evidence_2026-04-26.csv,2047,e37a6a65086e1eccec297e2708a148df8ab370144eb29b633aae8de13cd69caa,extracted_from_zip_no_nested_zip,bookstore_registry_execution_retry_checkpoint_2026-04-26_v2.zip::web_observed_partial_evidence_2026-04-26.csv
bookstore_registry_execution_retry_checkpoint_2026-04-26_v2__web_sample_normalized_rows_NOT_FULL_HARVEST_2026-04-26.csv,1833,72b8d0274d95a583b968e335fc7d3948d0e678420ddd35fd78ade4c5a50498be,extracted_from_zip_no_nested_zip,bookstore_registry_execution_retry_checkpoint_2026-04-26_v2.zip::web_sample_normalized_rows_NOT_FULL_HARVEST_2026-04-26.csv
bookstore_registry_global_discovery_handoff_2026-04-25_vFINAL__00_READ_FIRST_CONTINUITY_HANDOFF_2026-04-25_vFINAL.md,2555,a538f7dc2b367d63d626f6fd6edbfd99016def0c9fc831b8341edabf6342e348,extracted_from_zip_no_nested_zip,bookstore_registry_global_discovery_handoff_2026-04-25_vFINAL.zip::00_READ_FIRST_CONTINUITY_HANDOFF_2026-04-25_vFINAL.md
bookstore_registry_global_discovery_handoff_2026-04-25_vFINAL__CAPSULE_HISTORY_OF_CHAT_2026-04-25_vFINAL.md,4365,8eb7a03bfe174ee94651a31fec8394f0cb5c08fa34bab5e28a622dd9810b8fa7,extracted_from_zip_no_nested_zip,bookstore_registry_global_discovery_handoff_2026-04-25_vFINAL.zip::CAPSULE_HISTORY_OF_CHAT_2026-04-25_vFINAL.md
bookstore_registry_global_discovery_handoff_2026-04-25_vFINAL__CHAT_TRANSCRIPT_RECONSTRUCTED_2026-04-25_vFINAL.md,11397,b9da56b39461640290c08bc56d21314e36e1a415172f1fe521088679a3b48e0f,extracted_from_zip_no_nested_zip,bookstore_registry_global_discovery_handoff_2026-04-25_vFINAL.zip::CHAT_TRANSCRIPT_RECONSTRUCTED_2026-04-25_vFINAL.md
bookstore_registry_global_discovery_handoff_2026-04-25_vFINAL__CURRENT_STATE_SNAPSHOT_2026-04-25_vFINAL.json,2182,9fa70fb0e55df89cee32711e48547d45b9ccb99cab0b9b417f284689d750c2a8,extracted_from_zip_no_nested_zip,bookstore_registry_global_discovery_handoff_2026-04-25_vFINAL.zip::CURRENT_STATE_SNAPSHOT_2026-04-25_vFINAL.json
bookstore_registry_global_discovery_handoff_2026-04-25_vFINAL__FORCED_RESUME_PROMPT_2026-04-25_vFINAL.md,2258,701359b13ece53091a057904dc54432ce92ddd6fb5dfa39fbacb7e8ddc7bb59b,extracted_from_zip_no_nested_zip,bookstore_registry_global_discovery_handoff_2026-04-25_vFINAL.zip::FORCED_RESUME_PROMPT_2026-04-25_vFINAL.md
bookstore_registry_global_discovery_handoff_2026-04-25_vFINAL__GLOBAL_SOURCE_CLASS_MATRIX_2026-04-25_vFINAL.csv,13819,e0b836c69eafd41687a89368ac380c483c0487ac21dd6cd43d425e485f555633,extracted_from_zip_no_nested_zip,bookstore_registry_global_discovery_handoff_2026-04-25_vFINAL.zip::GLOBAL_SOURCE_CLASS_MATRIX_2026-04-25_vFINAL.csv
bookstore_registry_global_discovery_handoff_2026-04-25_vFINAL__KNOWN_GAPS_AND_INTEGRITY_NOTES_2026-04-25_vFINAL.md,2246,11cc8a5f1422813f92ff47006da21c5202bc8fc00774f960c58451519e59bfdb,extracted_from_zip_no_nested_zip,bookstore_registry_global_discovery_handoff_2026-04-25_vFINAL.zip::KNOWN_GAPS_AND_INTEGRITY_NOTES_2026-04-25_vFINAL.md
bookstore_registry_global_discovery_handoff_2026-04-25_vFINAL__MANIFEST_SHA256_2026-04-25_vFINAL.txt,1036,dec5b82b52efa328a9c028848732d97de9bb3df85890da1be3be7a821fa1b0ec,extracted_from_zip_no_nested_zip,bookstore_registry_global_discovery_handoff_2026-04-25_vFINAL.zip::MANIFEST_SHA256_2026-04-25_vFINAL.txt
bookstore_registry_global_discovery_handoff_2026-04-25_vFINAL__REGIONAL_HARVEST_QUEUE_2026-04-25_vFINAL.csv,4408,07547e88c8e668588018fb222cf918a0c2c9ca6124ccf3cc326c62b3c0764ef9,extracted_from_zip_no_nested_zip,bookstore_registry_global_discovery_handoff_2026-04-25_vFINAL.zip::REGIONAL_HARVEST_QUEUE_2026-04-25_vFINAL.csv
bookstore_registry_global_discovery_handoff_2026-04-25_vFINAL__TECHNICAL_OBSERVATIONS_AND_DECISIONS_2026-04-25_vFINAL.md,3979,06da7df14bc9b79798782859303ea223a60fac72c2de541e40158886d406025f,extracted_from_zip_no_nested_zip,bookstore_registry_global_discovery_handoff_2026-04-25_vFINAL.zip::TECHNICAL_OBSERVATIONS_AND_DECISIONS_2026-04-25_vFINAL.md
bookstore_registry_harvest_manifest_tranche1_2026-04-25.csv,10295,aaf8b5d36132758e80172af8d6ace16a93d18a3e6052e809fffecca36703e7d0,filesystem_non_zip,bookstore_registry_harvest_manifest_tranche1_2026-04-25.csv
bookstore_registry_resume_state_and_tranche1_manifest_notes_2026-04-25.md,2599,1dd0d9862d7c3c7c01276f13fac0d4bdd65e9e7d80224ab357a56ed0f521d658,filesystem_non_zip,bookstore_registry_resume_state_and_tranche1_manifest_notes_2026-04-25.md
canada_ciba_indiebookstores_probe__bookstore_registry_harvest_manifest_tranche1_2026-04-26_canada_probe_update.csv,16568,b1ce2a878a7a26ce1f25a3dd1c547fbf6c0cc7d502929811aaa61d698607a7b0,filesystem_non_zip,canada_ciba_indiebookstores_probe/bookstore_registry_harvest_manifest_tranche1_2026-04-26_canada_probe_update.csv
canada_ciba_indiebookstores_probe__canada_ciba_indiebookstores_field_map_2026-04-26.csv,1901,b82b8fbbc4d0fe85c0c494bcd89ffce2a1357ee7e9343285995f2d34ae37c27c,filesystem_non_zip,canada_ciba_indiebookstores_probe/canada_ciba_indiebookstores_field_map_2026-04-26.csv
canada_ciba_indiebookstores_probe__canada_ciba_indiebookstores_harvester_2026-04-26.py,4213,3012a62668c375a505ac54c32defbde0382f9bfb8f9f2654a39d23566a441730,filesystem_non_zip,canada_ciba_indiebookstores_probe/canada_ciba_indiebookstores_harvester_2026-04-26.py
canada_ciba_indiebookstores_probe__canada_ciba_indiebookstores_normalized_sample_2026-04-26.csv,2209,97052c396950a1143c46622b4cf44fe077540c33f401cd38615f70f8307e9f61,filesystem_non_zip,canada_ciba_indiebookstores_probe/canada_ciba_indiebookstores_normalized_sample_2026-04-26.csv
canada_ciba_indiebookstores_probe__canada_ciba_indiebookstores_probe_artifact_manifest_2026-04-26.csv,1755,d2be6e7dbf20e3079b6a7f20a8d19c966a823e2e5a504fdc13bbec8884a1d43c,filesystem_non_zip,canada_ciba_indiebookstores_probe/canada_ciba_indiebookstores_probe_artifact_manifest_2026-04-26.csv
canada_ciba_indiebookstores_probe__canada_ciba_indiebookstores_probe_report_2026-04-26.md,6285,589968b73ba3f8a13e4cdeb65208cc345edd4588f0f863b197ed31355f14bb73,filesystem_non_zip,canada_ciba_indiebookstores_probe/canada_ciba_indiebookstores_probe_report_2026-04-26.md
canada_ciba_indiebookstores_probe__canada_ciba_indiebookstores_probe_summary_2026-04-26.json,2802,be4d0b59fc764f7d189752ac4e566fa463b6d6eb95c9003d9a28b0466ae26dc0,filesystem_non_zip,canada_ciba_indiebookstores_probe/canada_ciba_indiebookstores_probe_summary_2026-04-26.json
canada_ciba_indiebookstores_probe__canada_ciba_indiebookstores_source_evidence_ledger_2026-04-26.csv,3699,b637d5d59d18a0475888923c3caa81df46b5ac6164cc9e57eb0b0c65c54f3d99,filesystem_non_zip,canada_ciba_indiebookstores_probe/canada_ciba_indiebookstores_source_evidence_ledger_2026-04-26.csv
canada_ciba_indiebookstores_probe__canada_ciba_member_roster_province_counts_2026-04-26.csv,2217,4ab5b47406a350fbf44a68d83c8da33cc6e9a6c0d40fb375eae178a65a3db602,filesystem_non_zip,canada_ciba_indiebookstores_probe/canada_ciba_member_roster_province_counts_2026-04-26.csv
canada_ciba_indiebookstores_probe__canada_ciba_member_roster_visible_samples_2026-04-26.csv,1963,d775eb7123cbc1aec38c5dd8c177ff934eea65879bd6ea518a42ffd3ca91dd0e,filesystem_non_zip,canada_ciba_indiebookstores_probe/canada_ciba_member_roster_visible_samples_2026-04-26.csv
canada_ciba_indiebookstores_probe_checkpoint_2026-04-26_v1__bookstore_registry_harvest_manifest_tranche1_2026-04-26_canada_probe_update.csv,16568,b1ce2a878a7a26ce1f25a3dd1c547fbf6c0cc7d502929811aaa61d698607a7b0,extracted_from_zip_no_nested_zip,canada_ciba_indiebookstores_probe_checkpoint_2026-04-26_v1.zip::bookstore_registry_harvest_manifest_tranche1_2026-04-26_canada_probe_update.csv
canada_ciba_indiebookstores_probe_checkpoint_2026-04-26_v1__canada_ciba_indiebookstores_field_map_2026-04-26.csv,1901,b82b8fbbc4d0fe85c0c494bcd89ffce2a1357ee7e9343285995f2d34ae37c27c,extracted_from_zip_no_nested_zip,canada_ciba_indiebookstores_probe_checkpoint_2026-04-26_v1.zip::canada_ciba_indiebookstores_field_map_2026-04-26.csv
canada_ciba_indiebookstores_probe_checkpoint_2026-04-26_v1__canada_ciba_indiebookstores_harvester_2026-04-26.py,4213,3012a62668c375a505ac54c32defbde0382f9bfb8f9f2654a39d23566a441730,extracted_from_zip_no_nested_zip,canada_ciba_indiebookstores_probe_checkpoint_2026-04-26_v1.zip::canada_ciba_indiebookstores_harvester_2026-04-26.py
canada_ciba_indiebookstores_probe_checkpoint_2026-04-26_v1__canada_ciba_indiebookstores_normalized_sample_2026-04-26.csv,2209,97052c396950a1143c46622b4cf44fe077540c33f401cd38615f70f8307e9f61,extracted_from_zip_no_nested_zip,canada_ciba_indiebookstores_probe_checkpoint_2026-04-26_v1.zip::canada_ciba_indiebookstores_normalized_sample_2026-04-26.csv
canada_ciba_indiebookstores_probe_checkpoint_2026-04-26_v1__canada_ciba_indiebookstores_probe_artifact_manifest_2026-04-26.csv,1755,d2be6e7dbf20e3079b6a7f20a8d19c966a823e2e5a504fdc13bbec8884a1d43c,extracted_from_zip_no_nested_zip,canada_ciba_indiebookstores_probe_checkpoint_2026-04-26_v1.zip::canada_ciba_indiebookstores_probe_artifact_manifest_2026-04-26.csv
canada_ciba_indiebookstores_probe_checkpoint_2026-04-26_v1__canada_ciba_indiebookstores_probe_report_2026-04-26.md,6285,589968b73ba3f8a13e4cdeb65208cc345edd4588f0f863b197ed31355f14bb73,extracted_from_zip_no_nested_zip,canada_ciba_indiebookstores_probe_checkpoint_2026-04-26_v1.zip::canada_ciba_indiebookstores_probe_report_2026-04-26.md
canada_ciba_indiebookstores_probe_checkpoint_2026-04-26_v1__canada_ciba_indiebookstores_probe_summary_2026-04-26.json,2802,be4d0b59fc764f7d189752ac4e566fa463b6d6eb95c9003d9a28b0466ae26dc0,extracted_from_zip_no_nested_zip,canada_ciba_indiebookstores_probe_checkpoint_2026-04-26_v1.zip::canada_ciba_indiebookstores_probe_summary_2026-04-26.json
canada_ciba_indiebookstores_probe_checkpoint_2026-04-26_v1__canada_ciba_indiebookstores_source_evidence_ledger_2026-04-26.csv,3699,b637d5d59d18a0475888923c3caa81df46b5ac6164cc9e57eb0b0c65c54f3d99,extracted_from_zip_no_nested_zip,canada_ciba_indiebookstores_probe_checkpoint_2026-04-26_v1.zip::canada_ciba_indiebookstores_source_evidence_ledger_2026-04-26.csv
canada_ciba_indiebookstores_probe_checkpoint_2026-04-26_v1__canada_ciba_member_roster_province_counts_2026-04-26.csv,2217,4ab5b47406a350fbf44a68d83c8da33cc6e9a6c0d40fb375eae178a65a3db602,extracted_from_zip_no_nested_zip,canada_ciba_indiebookstores_probe_checkpoint_2026-04-26_v1.zip::canada_ciba_member_roster_province_counts_2026-04-26.csv
canada_ciba_indiebookstores_probe_checkpoint_2026-04-26_v1__canada_ciba_member_roster_visible_samples_2026-04-26.csv,1963,d775eb7123cbc1aec38c5dd8c177ff934eea65879bd6ea518a42ffd3ca91dd0e,extracted_from_zip_no_nested_zip,canada_ciba_indiebookstores_probe_checkpoint_2026-04-26_v1.zip::canada_ciba_member_roster_visible_samples_2026-04-26.csv
japan_ehon_kosho_split_probe__bookstore_registry_harvest_manifest_tranche1_2026-04-26_japan_probe_update.csv,19903,2f7beb3722300ae14245b150b0f79799fa45ca61ecbb5633eaacac878f934292,filesystem_non_zip,japan_ehon_kosho_split_probe/bookstore_registry_harvest_manifest_tranche1_2026-04-26_japan_probe_update.csv
japan_ehon_kosho_split_probe__japan_ehon_kosho_split_probe_report_2026-04-26.md,4454,4fd86099b624b5a0e0e63f429fe0668416894432a281dd48c8c68d105167ecc9,filesystem_non_zip,japan_ehon_kosho_split_probe/japan_ehon_kosho_split_probe_report_2026-04-26.md
japan_ehon_kosho_split_probe_checkpoint_2026-04-26_v1__bookstore_registry_harvest_manifest_tranche1_2026-04-26_japan_probe_update.csv,19903,2f7beb3722300ae14245b150b0f79799fa45ca61ecbb5633eaacac878f934292,extracted_from_zip_no_nested_zip,japan_ehon_kosho_split_probe_checkpoint_2026-04-26_v1.zip::bookstore_registry_harvest_manifest_tranche1_2026-04-26_japan_probe_update.csv
japan_ehon_kosho_split_probe_checkpoint_2026-04-26_v1__japan_ehon_kosho_field_map_2026-04-26.csv,1913,c57f81350658301a8e17fb4b5c3e062e9b5cb3313b849ca43f791969a7fd2c24,extracted_from_zip_no_nested_zip,japan_ehon_kosho_split_probe_checkpoint_2026-04-26_v1.zip::japan_ehon_kosho_field_map_2026-04-26.csv
japan_ehon_kosho_split_probe_checkpoint_2026-04-26_v1__japan_ehon_kosho_harvester_2026-04-26.py,3732,99bb66d0349152d6feaa4d4a48854a83c7667890bb3e8d0f4fb7c1d22a5dfc2d,extracted_from_zip_no_nested_zip,japan_ehon_kosho_split_probe_checkpoint_2026-04-26_v1.zip::japan_ehon_kosho_harvester_2026-04-26.py
japan_ehon_kosho_split_probe_checkpoint_2026-04-26_v1__japan_ehon_kosho_normalized_sample_2026-04-26.csv,2149,967c3a8ad30fbbeec6a65de77e7c12b9d81c34937958e8f7b0189b70255f0606,extracted_from_zip_no_nested_zip,japan_ehon_kosho_split_probe_checkpoint_2026-04-26_v1.zip::japan_ehon_kosho_normalized_sample_2026-04-26.csv
japan_ehon_kosho_split_probe_checkpoint_2026-04-26_v1__japan_ehon_kosho_probe_artifact_manifest_2026-04-26.csv,881,5b0a06e134912801f99d286fc3ea0cfed525ac8309c5358e26599c2237be040d,extracted_from_zip_no_nested_zip,japan_ehon_kosho_split_probe_checkpoint_2026-04-26_v1.zip::japan_ehon_kosho_probe_artifact_manifest_2026-04-26.csv
japan_ehon_kosho_split_probe_checkpoint_2026-04-26_v1__japan_ehon_kosho_probe_summary_2026-04-26.json,1011,91e23f9785306981b19f9d78f8b35204d425fa6d06e4f1e3c8b83001cf65d91f,extracted_from_zip_no_nested_zip,japan_ehon_kosho_split_probe_checkpoint_2026-04-26_v1.zip::japan_ehon_kosho_probe_summary_2026-04-26.json
japan_ehon_kosho_split_probe_checkpoint_2026-04-26_v1__japan_ehon_kosho_source_evidence_ledger_2026-04-26.csv,2634,0b32c1132924c5ac35c8d8ffcf8e921ccac91ea76c68ce247b52c9cc25410553,extracted_from_zip_no_nested_zip,japan_ehon_kosho_split_probe_checkpoint_2026-04-26_v1.zip::japan_ehon_kosho_source_evidence_ledger_2026-04-26.csv
japan_ehon_kosho_split_probe_checkpoint_2026-04-26_v1__japan_ehon_kosho_split_probe_report_2026-04-26.md,4454,4fd86099b624b5a0e0e63f429fe0668416894432a281dd48c8c68d105167ecc9,extracted_from_zip_no_nested_zip,japan_ehon_kosho_split_probe_checkpoint_2026-04-26_v1.zip::japan_ehon_kosho_split_probe_report_2026-04-26.md
mexico_sic_librerias_probe_checkpoint_2026-04-25_v1__bookstore_registry_harvest_manifest_tranche1_2026-04-25_mexico_probe_update.csv,10660,d896dc6c0e3f9f5499aa140e857bf7112498c96eae0719ae1363059805f0b709,extracted_from_zip_no_nested_zip,mexico_sic_librerias_probe_checkpoint_2026-04-25_v1.zip::bookstore_registry_harvest_manifest_tranche1_2026-04-25_mexico_probe_update.csv
mexico_sic_librerias_probe_checkpoint_2026-04-25_v1__mexico_sic_librerias_field_map_2026-04-25.csv,1834,94e84c3ae68d102ac951d67fe4f65e322f61f7f3f83df3a73bf546d5cdef66c3,extracted_from_zip_no_nested_zip,mexico_sic_librerias_probe_checkpoint_2026-04-25_v1.zip::mexico_sic_librerias_field_map_2026-04-25.csv
mexico_sic_librerias_probe_checkpoint_2026-04-25_v1__mexico_sic_librerias_harvester_2026-04-25.py,7424,ae57a69223f054f5a1e6e2e5c83f9ee23e188ac2e6fea7079923b53346c19aa6,extracted_from_zip_no_nested_zip,mexico_sic_librerias_probe_checkpoint_2026-04-25_v1.zip::mexico_sic_librerias_harvester_2026-04-25.py
mexico_sic_librerias_probe_checkpoint_2026-04-25_v1__mexico_sic_librerias_normalized_sample_2026-04-25.csv,7273,28b4fb801cb6c7e31728b0ce720467e978dde1bf9239fa2991f786fe41225586,extracted_from_zip_no_nested_zip,mexico_sic_librerias_probe_checkpoint_2026-04-25_v1.zip::mexico_sic_librerias_normalized_sample_2026-04-25.csv
mexico_sic_librerias_probe_checkpoint_2026-04-25_v1__mexico_sic_librerias_probe_report_2026-04-25.md,4317,89c983a21dc7eea7c6ce944e3ae36a7e1156e070a86dbbf0ef37efc5385c1d17,extracted_from_zip_no_nested_zip,mexico_sic_librerias_probe_checkpoint_2026-04-25_v1.zip::mexico_sic_librerias_probe_report_2026-04-25.md
mexico_sic_librerias_probe_checkpoint_2026-04-25_v1__mexico_sic_librerias_probe_summary_2026-04-25.json,3156,350782f3b7a08aa3c9e39406d53ac8fa1d60b876939841e80ff4bf5cc76daefb,extracted_from_zip_no_nested_zip,mexico_sic_librerias_probe_checkpoint_2026-04-25_v1.zip::mexico_sic_librerias_probe_summary_2026-04-25.json
mexico_sic_librerias_probe_checkpoint_2026-04-25_v1__mexico_sic_librerias_state_counts_2026-04-25.csv,8841,c200e410be80fb0c7fbcf2e718211164a902a7b1c08c9cd577aa845182b18dbb,extracted_from_zip_no_nested_zip,mexico_sic_librerias_probe_checkpoint_2026-04-25_v1.zip::mexico_sic_librerias_state_counts_2026-04-25.csv
mexico_sic_librerias_probe_checkpoint_2026-04-25_v1__mexico_sic_probe_artifact_manifest_2026-04-25.csv,1022,ace84ea114bc6c483796461ad31fab7d739c104c7de2287789e26a23e0e3a53c,extracted_from_zip_no_nested_zip,mexico_sic_librerias_probe_checkpoint_2026-04-25_v1.zip::mexico_sic_probe_artifact_manifest_2026-04-25.csv
mexico_sic_probe__bookstore_registry_harvest_manifest_tranche1_2026-04-25_mexico_probe_update.csv,10660,d896dc6c0e3f9f5499aa140e857bf7112498c96eae0719ae1363059805f0b709,filesystem_non_zip,mexico_sic_probe/bookstore_registry_harvest_manifest_tranche1_2026-04-25_mexico_probe_update.csv
mexico_sic_probe__mexico_sic_librerias_field_map_2026-04-25.csv,1834,94e84c3ae68d102ac951d67fe4f65e322f61f7f3f83df3a73bf546d5cdef66c3,filesystem_non_zip,mexico_sic_probe/mexico_sic_librerias_field_map_2026-04-25.csv
mexico_sic_probe__mexico_sic_librerias_harvester_2026-04-25.py,7424,ae57a69223f054f5a1e6e2e5c83f9ee23e188ac2e6fea7079923b53346c19aa6,filesystem_non_zip,mexico_sic_probe/mexico_sic_librerias_harvester_2026-04-25.py
mexico_sic_probe__mexico_sic_librerias_normalized_sample_2026-04-25.csv,7273,28b4fb801cb6c7e31728b0ce720467e978dde1bf9239fa2991f786fe41225586,filesystem_non_zip,mexico_sic_probe/mexico_sic_librerias_normalized_sample_2026-04-25.csv
mexico_sic_probe__mexico_sic_librerias_probe_report_2026-04-25.md,4317,89c983a21dc7eea7c6ce944e3ae36a7e1156e070a86dbbf0ef37efc5385c1d17,filesystem_non_zip,mexico_sic_probe/mexico_sic_librerias_probe_report_2026-04-25.md
mexico_sic_probe__mexico_sic_librerias_probe_summary_2026-04-25.json,3156,350782f3b7a08aa3c9e39406d53ac8fa1d60b876939841e80ff4bf5cc76daefb,filesystem_non_zip,mexico_sic_probe/mexico_sic_librerias_probe_summary_2026-04-25.json
mexico_sic_probe__mexico_sic_librerias_state_counts_2026-04-25.csv,8841,c200e410be80fb0c7fbcf2e718211164a902a7b1c08c9cd577aa845182b18dbb,filesystem_non_zip,mexico_sic_probe/mexico_sic_librerias_state_counts_2026-04-25.csv
mexico_sic_probe__mexico_sic_probe_artifact_manifest_2026-04-25.csv,1022,ace84ea114bc6c483796461ad31fab7d739c104c7de2287789e26a23e0e3a53c,filesystem_non_zip,mexico_sic_probe/mexico_sic_probe_artifact_manifest_2026-04-25.csv
new_zealand_booksellers_bookhub_probe__bookstore_registry_harvest_manifest_tranche1_2026-04-26_new_zealand_probe_update.csv,18680,e6dad54a6939e27af796684997629ae2a240f2f5ed2d0edeaf5f0c6e3028a2e2,filesystem_non_zip,new_zealand_booksellers_bookhub_probe/bookstore_registry_harvest_manifest_tranche1_2026-04-26_new_zealand_probe_update.csv
new_zealand_booksellers_bookhub_probe__new_zealand_booksellers_bookhub_probe_report_2026-04-26.md,3698,a1e216696540c64eb28d34fd8e715b9bb4beb76c652b0838d5a7764904841fbf,filesystem_non_zip,new_zealand_booksellers_bookhub_probe/new_zealand_booksellers_bookhub_probe_report_2026-04-26.md
new_zealand_booksellers_bookhub_probe_checkpoint_2026-04-26_v1__bookstore_registry_harvest_manifest_tranche1_2026-04-26_new_zealand_probe_update.csv,18680,e6dad54a6939e27af796684997629ae2a240f2f5ed2d0edeaf5f0c6e3028a2e2,extracted_from_zip_no_nested_zip,new_zealand_booksellers_bookhub_probe_checkpoint_2026-04-26_v1.zip::bookstore_registry_harvest_manifest_tranche1_2026-04-26_new_zealand_probe_update.csv
new_zealand_booksellers_bookhub_probe_checkpoint_2026-04-26_v1__new_zealand_booksellers_bookhub_field_map_2026-04-26.csv,1395,a5cc21645bc90afa904ad91b75d9771d66c7fce2c19b570810c059da7fdb682a,extracted_from_zip_no_nested_zip,new_zealand_booksellers_bookhub_probe_checkpoint_2026-04-26_v1.zip::new_zealand_booksellers_bookhub_field_map_2026-04-26.csv
new_zealand_booksellers_bookhub_probe_checkpoint_2026-04-26_v1__new_zealand_booksellers_bookhub_harvester_2026-04-26.py,3780,87bd88dc0587f67f09b9b84a1cdac5eb9bdc44a92bb6f9711e497b471b0ab40c,extracted_from_zip_no_nested_zip,new_zealand_booksellers_bookhub_probe_checkpoint_2026-04-26_v1.zip::new_zealand_booksellers_bookhub_harvester_2026-04-26.py
new_zealand_booksellers_bookhub_probe_checkpoint_2026-04-26_v1__new_zealand_booksellers_bookhub_normalized_sample_2026-04-26.csv,1460,dd945f9129e4ca7fe157932c14b09cfc49c0cbdde39c65caba558ae6cba41c7d,extracted_from_zip_no_nested_zip,new_zealand_booksellers_bookhub_probe_checkpoint_2026-04-26_v1.zip::new_zealand_booksellers_bookhub_normalized_sample_2026-04-26.csv
new_zealand_booksellers_bookhub_probe_checkpoint_2026-04-26_v1__new_zealand_booksellers_bookhub_probe_artifact_manifest_2026-04-26.csv,971,e7baf5218fa85b651f907b989e8ccbd20158e127728bc5272ba3b2d227683bb0,extracted_from_zip_no_nested_zip,new_zealand_booksellers_bookhub_probe_checkpoint_2026-04-26_v1.zip::new_zealand_booksellers_bookhub_probe_artifact_manifest_2026-04-26.csv
new_zealand_booksellers_bookhub_probe_checkpoint_2026-04-26_v1__new_zealand_booksellers_bookhub_probe_report_2026-04-26.md,3698,a1e216696540c64eb28d34fd8e715b9bb4beb76c652b0838d5a7764904841fbf,extracted_from_zip_no_nested_zip,new_zealand_booksellers_bookhub_probe_checkpoint_2026-04-26_v1.zip::new_zealand_booksellers_bookhub_probe_report_2026-04-26.md
new_zealand_booksellers_bookhub_probe_checkpoint_2026-04-26_v1__new_zealand_booksellers_bookhub_probe_summary_2026-04-26.json,1162,e4b53e0da2dcdac01f36ede9e7706882c290789fcaa2423be73bd9d9ae82a08f,extracted_from_zip_no_nested_zip,new_zealand_booksellers_bookhub_probe_checkpoint_2026-04-26_v1.zip::new_zealand_booksellers_bookhub_probe_summary_2026-04-26.json
new_zealand_booksellers_bookhub_probe_checkpoint_2026-04-26_v1__new_zealand_booksellers_bookhub_source_evidence_ledger_2026-04-26.csv,2289,da0395a269f02a20637a5f5bd41adb2bc630d3381b350ada4fc5321d172accc9,extracted_from_zip_no_nested_zip,new_zealand_booksellers_bookhub_probe_checkpoint_2026-04-26_v1.zip::new_zealand_booksellers_bookhub_source_evidence_ledger_2026-04-26.csv
poland_obk_probe__bookstore_registry_harvest_manifest_tranche1_2026-04-25_poland_probe_update.csv,12868,483f7ea59397a68c7b8b730243b6b8002b714f17fd4a7f854561408cdba47cc3,filesystem_non_zip,poland_obk_probe/bookstore_registry_harvest_manifest_tranche1_2026-04-25_poland_probe_update.csv
poland_obk_probe__poland_obk_field_map_2026-04-25.csv,3054,434a6f88833ef68b65b3029743282ba84ce1e1e930e320c8215caf38f1d2f929,filesystem_non_zip,poland_obk_probe/poland_obk_field_map_2026-04-25.csv
poland_obk_probe__poland_obk_harvester_2026-04-25.py,8293,72848e013d803737050b75ae4a36372d1389694efe7f37eb5adc315b94d2a8f1,filesystem_non_zip,poland_obk_probe/poland_obk_harvester_2026-04-25.py
poland_obk_probe__poland_obk_normalized_sample_2026-04-25.csv,2901,e283dc1510e672364118b08ed44573f0f975a07e65978c12f7bbde8d44af0b16,filesystem_non_zip,poland_obk_probe/poland_obk_normalized_sample_2026-04-25.csv
poland_obk_probe__poland_obk_probe_artifact_manifest_2026-04-25.csv,1361,e747f3f391e22e6b2670f606d49297f288e6260ee63e36fae1e75748cefacd08,filesystem_non_zip,poland_obk_probe/poland_obk_probe_artifact_manifest_2026-04-25.csv
poland_obk_probe__poland_obk_probe_report_2026-04-25.md,3273,568ce2a289a20bdff08a544f7709cc5bc7fb78a0c31635c6d43927b3f34eec14,filesystem_non_zip,poland_obk_probe/poland_obk_probe_report_2026-04-25.md
poland_obk_probe__poland_obk_probe_summary_2026-04-25.json,1607,af72c85e5cee7f8d7154b4ba70c11b4d8a7c8234560e544a2ea36585abd7dde0,filesystem_non_zip,poland_obk_probe/poland_obk_probe_summary_2026-04-25.json
poland_obk_probe__poland_obk_source_evidence_ledger_2026-04-25.csv,3371,8aa8584e23888c4cd2cd41dc2a185372b8cc2312d6ab7ffebeded92c01778ab7,filesystem_non_zip,poland_obk_probe/poland_obk_source_evidence_ledger_2026-04-25.csv
poland_obk_probe_checkpoint_2026-04-25_v1__bookstore_registry_harvest_manifest_tranche1_2026-04-25_poland_probe_update.csv,12868,483f7ea59397a68c7b8b730243b6b8002b714f17fd4a7f854561408cdba47cc3,extracted_from_zip_no_nested_zip,poland_obk_probe_checkpoint_2026-04-25_v1.zip::bookstore_registry_harvest_manifest_tranche1_2026-04-25_poland_probe_update.csv
poland_obk_probe_checkpoint_2026-04-25_v1__poland_obk_field_map_2026-04-25.csv,3054,434a6f88833ef68b65b3029743282ba84ce1e1e930e320c8215caf38f1d2f929,extracted_from_zip_no_nested_zip,poland_obk_probe_checkpoint_2026-04-25_v1.zip::poland_obk_field_map_2026-04-25.csv
poland_obk_probe_checkpoint_2026-04-25_v1__poland_obk_harvester_2026-04-25.py,8293,72848e013d803737050b75ae4a36372d1389694efe7f37eb5adc315b94d2a8f1,extracted_from_zip_no_nested_zip,poland_obk_probe_checkpoint_2026-04-25_v1.zip::poland_obk_harvester_2026-04-25.py
poland_obk_probe_checkpoint_2026-04-25_v1__poland_obk_normalized_sample_2026-04-25.csv,2901,e283dc1510e672364118b08ed44573f0f975a07e65978c12f7bbde8d44af0b16,extracted_from_zip_no_nested_zip,poland_obk_probe_checkpoint_2026-04-25_v1.zip::poland_obk_normalized_sample_2026-04-25.csv
poland_obk_probe_checkpoint_2026-04-25_v1__poland_obk_probe_artifact_manifest_2026-04-25.csv,1361,e747f3f391e22e6b2670f606d49297f288e6260ee63e36fae1e75748cefacd08,extracted_from_zip_no_nested_zip,poland_obk_probe_checkpoint_2026-04-25_v1.zip::poland_obk_probe_artifact_manifest_2026-04-25.csv
poland_obk_probe_checkpoint_2026-04-25_v1__poland_obk_probe_report_2026-04-25.md,3273,568ce2a289a20bdff08a544f7709cc5bc7fb78a0c31635c6d43927b3f34eec14,extracted_from_zip_no_nested_zip,poland_obk_probe_checkpoint_2026-04-25_v1.zip::poland_obk_probe_report_2026-04-25.md
poland_obk_probe_checkpoint_2026-04-25_v1__poland_obk_probe_summary_2026-04-25.json,1607,af72c85e5cee7f8d7154b4ba70c11b4d8a7c8234560e544a2ea36585abd7dde0,extracted_from_zip_no_nested_zip,poland_obk_probe_checkpoint_2026-04-25_v1.zip::poland_obk_probe_summary_2026-04-25.json
poland_obk_probe_checkpoint_2026-04-25_v1__poland_obk_source_evidence_ledger_2026-04-25.csv,3371,8aa8584e23888c4cd2cd41dc2a185372b8cc2312d6ab7ffebeded92c01778ab7,extracted_from_zip_no_nested_zip,poland_obk_probe_checkpoint_2026-04-25_v1.zip::poland_obk_source_evidence_ledger_2026-04-25.csv
south_africa_sabooksellers_probe__bookstore_registry_harvest_manifest_tranche1_2026-04-26_south_africa_probe_update.csv,13935,29e8def9314b1deaa57a20be72703f9a346639959de73ae832bf3f2b27f74f5e,filesystem_non_zip,south_africa_sabooksellers_probe/bookstore_registry_harvest_manifest_tranche1_2026-04-26_south_africa_probe_update.csv
south_africa_sabooksellers_probe__south_africa_sabooksellers_field_map_2026-04-26.csv,1692,d910f198dce47dd9cc77cbad7d5d3ff1c0e60cfa3052e663b74f2568d50c712b,filesystem_non_zip,south_africa_sabooksellers_probe/south_africa_sabooksellers_field_map_2026-04-26.csv
south_africa_sabooksellers_probe__south_africa_sabooksellers_harvester_2026-04-26.py,6316,5eda19aed508ba67547445ef4eb26db81b307fa4116afebb860843c634efd6f6,filesystem_non_zip,south_africa_sabooksellers_probe/south_africa_sabooksellers_harvester_2026-04-26.py
south_africa_sabooksellers_probe__south_africa_sabooksellers_normalized_sample_2026-04-26.csv,4076,ba8ab2b8989b6590022354c021569297be3e790230a419a76c81cc901090f428,filesystem_non_zip,south_africa_sabooksellers_probe/south_africa_sabooksellers_normalized_sample_2026-04-26.csv
south_africa_sabooksellers_probe__south_africa_sabooksellers_probe_artifact_manifest_2026-04-26.csv,1588,08ace24cdba76ec21aaa3f446818027a79793e73dbe3f589ec7f3460404fe71d,filesystem_non_zip,south_africa_sabooksellers_probe/south_africa_sabooksellers_probe_artifact_manifest_2026-04-26.csv
south_africa_sabooksellers_probe__south_africa_sabooksellers_probe_report_2026-04-26.md,4690,bb0b0851f8ffef33c2ea29a26e6e1c67fc66bd88868e50d291db7c398e563647,filesystem_non_zip,south_africa_sabooksellers_probe/south_africa_sabooksellers_probe_report_2026-04-26.md
south_africa_sabooksellers_probe__south_africa_sabooksellers_probe_summary_2026-04-26.json,3838,92e474f02de39dffde6a9563d091fffd2d38414e7b2232b6e652746234f7be92,filesystem_non_zip,south_africa_sabooksellers_probe/south_africa_sabooksellers_probe_summary_2026-04-26.json
south_africa_sabooksellers_probe__south_africa_sabooksellers_source_evidence_ledger_2026-04-26.csv,2611,3d25d5913696b72e400d4284517623ccfb9039410b8e6f770de6f2264b067b0b,filesystem_non_zip,south_africa_sabooksellers_probe/south_africa_sabooksellers_source_evidence_ledger_2026-04-26.csv
south_africa_sabooksellers_probe_checkpoint_2026-04-26_v1__bookstore_registry_harvest_manifest_tranche1_2026-04-26_south_africa_probe_update.csv,13935,29e8def9314b1deaa57a20be72703f9a346639959de73ae832bf3f2b27f74f5e,extracted_from_zip_no_nested_zip,south_africa_sabooksellers_probe_checkpoint_2026-04-26_v1.zip::bookstore_registry_harvest_manifest_tranche1_2026-04-26_south_africa_probe_update.csv
south_africa_sabooksellers_probe_checkpoint_2026-04-26_v1__south_africa_sabooksellers_field_map_2026-04-26.csv,1692,d910f198dce47dd9cc77cbad7d5d3ff1c0e60cfa3052e663b74f2568d50c712b,extracted_from_zip_no_nested_zip,south_africa_sabooksellers_probe_checkpoint_2026-04-26_v1.zip::south_africa_sabooksellers_field_map_2026-04-26.csv
south_africa_sabooksellers_probe_checkpoint_2026-04-26_v1__south_africa_sabooksellers_harvester_2026-04-26.py,6316,5eda19aed508ba67547445ef4eb26db81b307fa4116afebb860843c634efd6f6,extracted_from_zip_no_nested_zip,south_africa_sabooksellers_probe_checkpoint_2026-04-26_v1.zip::south_africa_sabooksellers_harvester_2026-04-26.py
south_africa_sabooksellers_probe_checkpoint_2026-04-26_v1__south_africa_sabooksellers_normalized_sample_2026-04-26.csv,4076,ba8ab2b8989b6590022354c021569297be3e790230a419a76c81cc901090f428,extracted_from_zip_no_nested_zip,south_africa_sabooksellers_probe_checkpoint_2026-04-26_v1.zip::south_africa_sabooksellers_normalized_sample_2026-04-26.csv
south_africa_sabooksellers_probe_checkpoint_2026-04-26_v1__south_africa_sabooksellers_probe_artifact_manifest_2026-04-26.csv,1588,08ace24cdba76ec21aaa3f446818027a79793e73dbe3f589ec7f3460404fe71d,extracted_from_zip_no_nested_zip,south_africa_sabooksellers_probe_checkpoint_2026-04-26_v1.zip::south_africa_sabooksellers_probe_artifact_manifest_2026-04-26.csv
south_africa_sabooksellers_probe_checkpoint_2026-04-26_v1__south_africa_sabooksellers_probe_report_2026-04-26.md,4690,bb0b0851f8ffef33c2ea29a26e6e1c67fc66bd88868e50d291db7c398e563647,extracted_from_zip_no_nested_zip,south_africa_sabooksellers_probe_checkpoint_2026-04-26_v1.zip::south_africa_sabooksellers_probe_report_2026-04-26.md
south_africa_sabooksellers_probe_checkpoint_2026-04-26_v1__south_africa_sabooksellers_probe_summary_2026-04-26.json,3838,92e474f02de39dffde6a9563d091fffd2d38414e7b2232b6e652746234f7be92,extracted_from_zip_no_nested_zip,south_africa_sabooksellers_probe_checkpoint_2026-04-26_v1.zip::south_africa_sabooksellers_probe_summary_2026-04-26.json
south_africa_sabooksellers_probe_checkpoint_2026-04-26_v1__south_africa_sabooksellers_source_evidence_ledger_2026-04-26.csv,2611,3d25d5913696b72e400d4284517623ccfb9039410b8e6f770de6f2264b067b0b,extracted_from_zip_no_nested_zip,south_africa_sabooksellers_probe_checkpoint_2026-04-26_v1.zip::south_africa_sabooksellers_source_evidence_ledger_2026-04-26.csv
spain_cegal_ttl_probe__bookstore_registry_harvest_manifest_tranche1_2026-04-25_spain_probe_update.csv,11722,c4c1b044a7116a91544f79a89fc6bfd46a2cf3d8d897784644b84edf3995ee3b,filesystem_non_zip,spain_cegal_ttl_probe/bookstore_registry_harvest_manifest_tranche1_2026-04-25_spain_probe_update.csv
spain_cegal_ttl_probe__spain_cegal_ttl_field_map_2026-04-25.csv,3278,1b303077c1255c58d594b17f885bae0b521c3af77a40dbdd797127f93357bba1,filesystem_non_zip,spain_cegal_ttl_probe/spain_cegal_ttl_field_map_2026-04-25.csv
spain_cegal_ttl_probe__spain_cegal_ttl_harvester_2026-04-25.py,8500,4231ac5ad3c43bd6ed3845a82ebf8dab64453e57f0e5973735c1f690334240b7,filesystem_non_zip,spain_cegal_ttl_probe/spain_cegal_ttl_harvester_2026-04-25.py
spain_cegal_ttl_probe__spain_cegal_ttl_normalized_sample_2026-04-25.csv,3730,ae80a4ad99a314226c8fb0d36c4892ff0f3b763b4b79cc51f59b53fec4108b29,filesystem_non_zip,spain_cegal_ttl_probe/spain_cegal_ttl_normalized_sample_2026-04-25.csv
spain_cegal_ttl_probe__spain_cegal_ttl_probe_artifact_manifest_2026-04-25.csv,998,2056ffef6791866b541753995c2950ea31369084942b20f2f9f8e325cc78dc35,filesystem_non_zip,spain_cegal_ttl_probe/spain_cegal_ttl_probe_artifact_manifest_2026-04-25.csv
spain_cegal_ttl_probe__spain_cegal_ttl_probe_report_2026-04-25.md,3165,895ef48dd8541e8919c851c5571ad2ec0f26fcea22df49f27a9fe384599c55ee,filesystem_non_zip,spain_cegal_ttl_probe/spain_cegal_ttl_probe_report_2026-04-25.md
spain_cegal_ttl_probe__spain_cegal_ttl_probe_summary_2026-04-25.json,1760,824a503dff5a63e2c2522239ae54b2f972ad85146732b3ac490e8ee5a38128c0,filesystem_non_zip,spain_cegal_ttl_probe/spain_cegal_ttl_probe_summary_2026-04-25.json
spain_cegal_ttl_probe__spain_cegal_ttl_source_evidence_ledger_2026-04-25.csv,3986,6e0de4862837bccc007946c6352e62e63c586f5a0837a3ec0259d0d187663db7,filesystem_non_zip,spain_cegal_ttl_probe/spain_cegal_ttl_source_evidence_ledger_2026-04-25.csv
spain_cegal_ttl_probe_checkpoint_2026-04-25_v1__bookstore_registry_harvest_manifest_tranche1_2026-04-25_spain_probe_update.csv,11722,c4c1b044a7116a91544f79a89fc6bfd46a2cf3d8d897784644b84edf3995ee3b,extracted_from_zip_no_nested_zip,spain_cegal_ttl_probe_checkpoint_2026-04-25_v1.zip::bookstore_registry_harvest_manifest_tranche1_2026-04-25_spain_probe_update.csv
spain_cegal_ttl_probe_checkpoint_2026-04-25_v1__spain_cegal_ttl_field_map_2026-04-25.csv,3278,1b303077c1255c58d594b17f885bae0b521c3af77a40dbdd797127f93357bba1,extracted_from_zip_no_nested_zip,spain_cegal_ttl_probe_checkpoint_2026-04-25_v1.zip::spain_cegal_ttl_field_map_2026-04-25.csv
spain_cegal_ttl_probe_checkpoint_2026-04-25_v1__spain_cegal_ttl_harvester_2026-04-25.py,8500,4231ac5ad3c43bd6ed3845a82ebf8dab64453e57f0e5973735c1f690334240b7,extracted_from_zip_no_nested_zip,spain_cegal_ttl_probe_checkpoint_2026-04-25_v1.zip::spain_cegal_ttl_harvester_2026-04-25.py
spain_cegal_ttl_probe_checkpoint_2026-04-25_v1__spain_cegal_ttl_normalized_sample_2026-04-25.csv,3730,ae80a4ad99a314226c8fb0d36c4892ff0f3b763b4b79cc51f59b53fec4108b29,extracted_from_zip_no_nested_zip,spain_cegal_ttl_probe_checkpoint_2026-04-25_v1.zip::spain_cegal_ttl_normalized_sample_2026-04-25.csv
spain_cegal_ttl_probe_checkpoint_2026-04-25_v1__spain_cegal_ttl_probe_artifact_manifest_2026-04-25.csv,998,2056ffef6791866b541753995c2950ea31369084942b20f2f9f8e325cc78dc35,extracted_from_zip_no_nested_zip,spain_cegal_ttl_probe_checkpoint_2026-04-25_v1.zip::spain_cegal_ttl_probe_artifact_manifest_2026-04-25.csv
spain_cegal_ttl_probe_checkpoint_2026-04-25_v1__spain_cegal_ttl_probe_report_2026-04-25.md,3165,895ef48dd8541e8919c851c5571ad2ec0f26fcea22df49f27a9fe384599c55ee,extracted_from_zip_no_nested_zip,spain_cegal_ttl_probe_checkpoint_2026-04-25_v1.zip::spain_cegal_ttl_probe_report_2026-04-25.md
spain_cegal_ttl_probe_checkpoint_2026-04-25_v1__spain_cegal_ttl_probe_summary_2026-04-25.json,1760,824a503dff5a63e2c2522239ae54b2f972ad85146732b3ac490e8ee5a38128c0,extracted_from_zip_no_nested_zip,spain_cegal_ttl_probe_checkpoint_2026-04-25_v1.zip::spain_cegal_ttl_probe_summary_2026-04-25.json
spain_cegal_ttl_probe_checkpoint_2026-04-25_v1__spain_cegal_ttl_source_evidence_ledger_2026-04-25.csv,3986,6e0de4862837bccc007946c6352e62e63c586f5a0837a3ec0259d0d187663db7,extracted_from_zip_no_nested_zip,spain_cegal_ttl_probe_checkpoint_2026-04-25_v1.zip::spain_cegal_ttl_source_evidence_ledger_2026-04-25.csv
tranche1_oceania_japan_probe_checkpoint_2026-04-26_v1__tranche1_probe_progress_update_australia_newzealand_japan_2026-04-26.md,2463,a6426747cb00fd22040808ccb1fe935a84f7e0fc1b3c1b30b468632a974a6621,extracted_from_zip_no_nested_zip,tranche1_oceania_japan_probe_checkpoint_2026-04-26_v1.zip::tranche1_probe_progress_update_australia_newzealand_japan_2026-04-26.md
tranche1_probe_progress_update_australia_newzealand_japan_2026-04-26.md,2463,a6426747cb00fd22040808ccb1fe935a84f7e0fc1b3c1b30b468632a974a6621,filesystem_non_zip,tranche1_probe_progress_update_australia_newzealand_japan_2026-04-26.md
tranche2_colombia_uk_germany_austria_probe_2026-04-26__CURRENT_STATE_SNAPSHOT_2026-04-26_tranche2.json,977,bf054c0aa7c6dfa49d154a289bfa622a2928ce54e3583fb5aec0871e26b363bd,filesystem_non_zip,tranche2_colombia_uk_germany_austria_probe_2026-04-26/CURRENT_STATE_SNAPSHOT_2026-04-26_tranche2.json
tranche2_colombia_uk_germany_austria_probe_2026-04-26__TRANCHE2_PROBE_REPORT_2026-04-26.md,2174,a7dcb7abe2a17028ecac15ee3dfe68e9c97ab2971dd1286f12f56050cd3d43a4,filesystem_non_zip,tranche2_colombia_uk_germany_austria_probe_2026-04-26/TRANCHE2_PROBE_REPORT_2026-04-26.md
tranche2_colombia_uk_germany_austria_probe_2026-04-26__run_tranche2_public_page_harvest.py,5718,31e0a4ec58f33ba019a3eaacbf6a448eec1addee702dae77110d877c0aa151bd,filesystem_non_zip,tranche2_colombia_uk_germany_austria_probe_2026-04-26/run_tranche2_public_page_harvest.py
tranche2_colombia_uk_germany_austria_probe_2026-04-26__tranche2_field_map_2026-04-26.csv,9566,7dde635d14bcdc7ec3e2ba9ab4391b82defe52a545e0fabb80843fb43936bb21,filesystem_non_zip,tranche2_colombia_uk_germany_austria_probe_2026-04-26/tranche2_field_map_2026-04-26.csv
tranche2_colombia_uk_germany_austria_probe_2026-04-26__tranche2_harvest_manifest_2026-04-26.csv,4567,780ca9845e43c28bd345faae90e06bb3bc0479f1a6cd5cf740e9c513f95d2f34,filesystem_non_zip,tranche2_colombia_uk_germany_austria_probe_2026-04-26/tranche2_harvest_manifest_2026-04-26.csv
tranche2_colombia_uk_germany_austria_probe_2026-04-26__tranche2_normalized_sample_rows_NOT_FULL_HARVEST_2026-04-26.csv,4078,ac0789a47c4daf918770d7634dab19674d8a3154a0c768420a409dd3071380bd,filesystem_non_zip,tranche2_colombia_uk_germany_austria_probe_2026-04-26/tranche2_normalized_sample_rows_NOT_FULL_HARVEST_2026-04-26.csv
tranche2_colombia_uk_germany_austria_probe_2026-04-26__tranche2_source_evidence_ledger_2026-04-26.csv,3833,4010855aa65e33856b051756ee7652c5cfe4e9748a25fa68521090d84d025fc9,filesystem_non_zip,tranche2_colombia_uk_germany_austria_probe_2026-04-26/tranche2_source_evidence_ledger_2026-04-26.csv
tranche2_colombia_uk_germany_austria_probe_checkpoint_2026-04-26_v1__CURRENT_STATE_SNAPSHOT_2026-04-26_tranche2.json,977,bf054c0aa7c6dfa49d154a289bfa622a2928ce54e3583fb5aec0871e26b363bd,extracted_from_zip_no_nested_zip,tranche2_colombia_uk_germany_austria_probe_checkpoint_2026-04-26_v1.zip::CURRENT_STATE_SNAPSHOT_2026-04-26_tranche2.json
tranche2_colombia_uk_germany_austria_probe_checkpoint_2026-04-26_v1__README_RUN_THIS_FIRST_2026-04-26.md,478,847fd9bab27cfb1517a88735638476b0a9a48ffc1d5a4157ccc5d4ae2c1483e1,extracted_from_zip_no_nested_zip,tranche2_colombia_uk_germany_austria_probe_checkpoint_2026-04-26_v1.zip::README_RUN_THIS_FIRST_2026-04-26.md
tranche2_colombia_uk_germany_austria_probe_checkpoint_2026-04-26_v1__TRANCHE2_PROBE_REPORT_2026-04-26.md,2174,a7dcb7abe2a17028ecac15ee3dfe68e9c97ab2971dd1286f12f56050cd3d43a4,extracted_from_zip_no_nested_zip,tranche2_colombia_uk_germany_austria_probe_checkpoint_2026-04-26_v1.zip::TRANCHE2_PROBE_REPORT_2026-04-26.md
tranche2_colombia_uk_germany_austria_probe_checkpoint_2026-04-26_v1__artifact_manifest_2026-04-26.csv,931,2aca83b340c69c9a4c3238b6b7d9116fa2d19b15731de8e8de7a67e296810c39,extracted_from_zip_no_nested_zip,tranche2_colombia_uk_germany_austria_probe_checkpoint_2026-04-26_v1.zip::artifact_manifest_2026-04-26.csv
tranche2_colombia_uk_germany_austria_probe_checkpoint_2026-04-26_v1__run_tranche2_public_page_harvest.py,5718,31e0a4ec58f33ba019a3eaacbf6a448eec1addee702dae77110d877c0aa151bd,extracted_from_zip_no_nested_zip,tranche2_colombia_uk_germany_austria_probe_checkpoint_2026-04-26_v1.zip::run_tranche2_public_page_harvest.py
tranche2_colombia_uk_germany_austria_probe_checkpoint_2026-04-26_v1__tranche2_field_map_2026-04-26.csv,9566,7dde635d14bcdc7ec3e2ba9ab4391b82defe52a545e0fabb80843fb43936bb21,extracted_from_zip_no_nested_zip,tranche2_colombia_uk_germany_austria_probe_checkpoint_2026-04-26_v1.zip::tranche2_field_map_2026-04-26.csv
tranche2_colombia_uk_germany_austria_probe_checkpoint_2026-04-26_v1__tranche2_harvest_manifest_2026-04-26.csv,4567,780ca9845e43c28bd345faae90e06bb3bc0479f1a6cd5cf740e9c513f95d2f34,extracted_from_zip_no_nested_zip,tranche2_colombia_uk_germany_austria_probe_checkpoint_2026-04-26_v1.zip::tranche2_harvest_manifest_2026-04-26.csv
tranche2_colombia_uk_germany_austria_probe_checkpoint_2026-04-26_v1__tranche2_normalized_sample_rows_NOT_FULL_HARVEST_2026-04-26.csv,4078,ac0789a47c4daf918770d7634dab19674d8a3154a0c768420a409dd3071380bd,extracted_from_zip_no_nested_zip,tranche2_colombia_uk_germany_austria_probe_checkpoint_2026-04-26_v1.zip::tranche2_normalized_sample_rows_NOT_FULL_HARVEST_2026-04-26.csv
tranche2_colombia_uk_germany_austria_probe_checkpoint_2026-04-26_v1__tranche2_source_evidence_ledger_2026-04-26.csv,3833,4010855aa65e33856b051756ee7652c5cfe4e9748a25fa68521090d84d025fc9,extracted_from_zip_no_nested_zip,tranche2_colombia_uk_germany_austria_probe_checkpoint_2026-04-26_v1.zip::tranche2_source_evidence_ledger_2026-04-26.csv
tranche3_ghana_nigeria_morocco_italy_ukraine_probe_2026-04-26__CURRENT_STATE_SNAPSHOT_2026-04-26_tranche3.json,1499,8ef475043c1453316569227ab3c639a149e87c6c0a7893b214a02db4b0381d82,filesystem_non_zip,tranche3_ghana_nigeria_morocco_italy_ukraine_probe_2026-04-26/CURRENT_STATE_SNAPSHOT_2026-04-26_tranche3.json
tranche3_ghana_nigeria_morocco_italy_ukraine_probe_2026-04-26__TRANCHE3_PROBE_REPORT_2026-04-26.md,3680,ab8d7e0a6d473f1085d19b2f58a61f9c07c691c3daae22e614d12339d846927b,filesystem_non_zip,tranche3_ghana_nigeria_morocco_italy_ukraine_probe_2026-04-26/TRANCHE3_PROBE_REPORT_2026-04-26.md
tranche3_ghana_nigeria_morocco_italy_ukraine_probe_2026-04-26__run_tranche3_public_page_probe.py,1934,94c065571a3c44467b450aa7718d5fb207369479cf311499a68c8694677f2ad8,filesystem_non_zip,tranche3_ghana_nigeria_morocco_italy_ukraine_probe_2026-04-26/run_tranche3_public_page_probe.py
tranche3_ghana_nigeria_morocco_italy_ukraine_probe_2026-04-26__tranche3_field_map_2026-04-26.csv,1940,da4d6076ea6dcfe62b184fa21b3268c6d38f431f211bdf3e183fd703bdc2122d,filesystem_non_zip,tranche3_ghana_nigeria_morocco_italy_ukraine_probe_2026-04-26/tranche3_field_map_2026-04-26.csv
tranche3_ghana_nigeria_morocco_italy_ukraine_probe_2026-04-26__tranche3_harvest_manifest_2026-04-26.csv,4424,f8465c15290a189521a79f66be1bf2cfba8ac086ead00d4c367e14f2e4844791,filesystem_non_zip,tranche3_ghana_nigeria_morocco_italy_ukraine_probe_2026-04-26/tranche3_harvest_manifest_2026-04-26.csv
tranche3_ghana_nigeria_morocco_italy_ukraine_probe_2026-04-26__tranche3_normalized_sample_rows_NOT_FULL_HARVEST_2026-04-26.csv,1582,f7b4c89c08341b0987365a9e964a3110270d7c53b96c38fe14bebb5620ea3e55,filesystem_non_zip,tranche3_ghana_nigeria_morocco_italy_ukraine_probe_2026-04-26/tranche3_normalized_sample_rows_NOT_FULL_HARVEST_2026-04-26.csv
tranche3_ghana_nigeria_morocco_italy_ukraine_probe_2026-04-26__tranche3_source_evidence_ledger_2026-04-26.csv,2656,1114596de58677b23d02d2a7b85b7a9d0534e5b985c08baac472640c04d9e6cf,filesystem_non_zip,tranche3_ghana_nigeria_morocco_italy_ukraine_probe_2026-04-26/tranche3_source_evidence_ledger_2026-04-26.csv
tranche3_ghana_nigeria_morocco_italy_ukraine_probe_checkpoint_2026-04-26_v1__CURRENT_STATE_SNAPSHOT_2026-04-26_tranche3.json,1499,8ef475043c1453316569227ab3c639a149e87c6c0a7893b214a02db4b0381d82,extracted_from_zip_no_nested_zip,tranche3_ghana_nigeria_morocco_italy_ukraine_probe_checkpoint_2026-04-26_v1.zip::CURRENT_STATE_SNAPSHOT_2026-04-26_tranche3.json
tranche3_ghana_nigeria_morocco_italy_ukraine_probe_checkpoint_2026-04-26_v1__TRANCHE3_PROBE_REPORT_2026-04-26.md,3680,ab8d7e0a6d473f1085d19b2f58a61f9c07c691c3daae22e614d12339d846927b,extracted_from_zip_no_nested_zip,tranche3_ghana_nigeria_morocco_italy_ukraine_probe_checkpoint_2026-04-26_v1.zip::TRANCHE3_PROBE_REPORT_2026-04-26.md
tranche3_ghana_nigeria_morocco_italy_ukraine_probe_checkpoint_2026-04-26_v1__artifact_manifest_2026-04-26.csv,927,c7953c499318396217d8deafac831d29940974d21b3d1d629d6ebbd583aec6c4,extracted_from_zip_no_nested_zip,tranche3_ghana_nigeria_morocco_italy_ukraine_probe_checkpoint_2026-04-26_v1.zip::artifact_manifest_2026-04-26.csv
tranche3_ghana_nigeria_morocco_italy_ukraine_probe_checkpoint_2026-04-26_v1__run_tranche3_public_page_probe.py,1934,94c065571a3c44467b450aa7718d5fb207369479cf311499a68c8694677f2ad8,extracted_from_zip_no_nested_zip,tranche3_ghana_nigeria_morocco_italy_ukraine_probe_checkpoint_2026-04-26_v1.zip::run_tranche3_public_page_probe.py
tranche3_ghana_nigeria_morocco_italy_ukraine_probe_checkpoint_2026-04-26_v1__tranche3_field_map_2026-04-26.csv,1940,da4d6076ea6dcfe62b184fa21b3268c6d38f431f211bdf3e183fd703bdc2122d,extracted_from_zip_no_nested_zip,tranche3_ghana_nigeria_morocco_italy_ukraine_probe_checkpoint_2026-04-26_v1.zip::tranche3_field_map_2026-04-26.csv
tranche3_ghana_nigeria_morocco_italy_ukraine_probe_checkpoint_2026-04-26_v1__tranche3_harvest_manifest_2026-04-26.csv,4424,f8465c15290a189521a79f66be1bf2cfba8ac086ead00d4c367e14f2e4844791,extracted_from_zip_no_nested_zip,tranche3_ghana_nigeria_morocco_italy_ukraine_probe_checkpoint_2026-04-26_v1.zip::tranche3_harvest_manifest_2026-04-26.csv
tranche3_ghana_nigeria_morocco_italy_ukraine_probe_checkpoint_2026-04-26_v1__tranche3_normalized_sample_rows_NOT_FULL_HARVEST_2026-04-26.csv,1582,f7b4c89c08341b0987365a9e964a3110270d7c53b96c38fe14bebb5620ea3e55,extracted_from_zip_no_nested_zip,tranche3_ghana_nigeria_morocco_italy_ukraine_probe_checkpoint_2026-04-26_v1.zip::tranche3_normalized_sample_rows_NOT_FULL_HARVEST_2026-04-26.csv
tranche3_ghana_nigeria_morocco_italy_ukraine_probe_checkpoint_2026-04-26_v1__tranche3_source_evidence_ledger_2026-04-26.csv,2656,1114596de58677b23d02d2a7b85b7a9d0534e5b985c08baac472640c04d9e6cf,extracted_from_zip_no_nested_zip,tranche3_ghana_nigeria_morocco_italy_ukraine_probe_checkpoint_2026-04-26_v1.zip::tranche3_source_evidence_ledger_2026-04-26.csv
tranche4_latam_brazil_chile_peru_uruguay_costarica_probe_2026-04-28__CURRENT_STATE_SNAPSHOT_2026-04-28_tranche4.json,2439,ca1d625b4cc630b4c3b668c99e0dee00f1070a4b732b4a885f2dbcca5d5e786e,filesystem_non_zip,tranche4_latam_brazil_chile_peru_uruguay_costarica_probe_2026-04-28/CURRENT_STATE_SNAPSHOT_2026-04-28_tranche4.json
tranche4_latam_brazil_chile_peru_uruguay_costarica_probe_2026-04-28__TRANCHE4_PROBE_REPORT_2026-04-28.md,5262,7ac62692a7b1100268e3ac6f7c59c9ae7066bb8f3cddd8ea2e723a0ab077e2ce,filesystem_non_zip,tranche4_latam_brazil_chile_peru_uruguay_costarica_probe_2026-04-28/TRANCHE4_PROBE_REPORT_2026-04-28.md
tranche4_latam_brazil_chile_peru_uruguay_costarica_probe_2026-04-28__run_tranche4_latam_public_page_probe.py,7975,9b7c800ef00804956f49cee4cc9cbbaa61dbc548527c7412322bc93ea717f4d9,filesystem_non_zip,tranche4_latam_brazil_chile_peru_uruguay_costarica_probe_2026-04-28/run_tranche4_latam_public_page_probe.py
tranche4_latam_brazil_chile_peru_uruguay_costarica_probe_2026-04-28__tranche4_field_map_2026-04-28.csv,1409,d03e2e8c96910eef2a9475505a68375ba9dcdaf1507ba70e32bfb3a9bd8cba90,filesystem_non_zip,tranche4_latam_brazil_chile_peru_uruguay_costarica_probe_2026-04-28/tranche4_field_map_2026-04-28.csv
tranche4_latam_brazil_chile_peru_uruguay_costarica_probe_2026-04-28__tranche4_harvest_manifest_2026-04-28.csv,6414,cbe9374ba03adfdaa843b6e2419faf5595603702a3a1d81b01964b670021a457,filesystem_non_zip,tranche4_latam_brazil_chile_peru_uruguay_costarica_probe_2026-04-28/tranche4_harvest_manifest_2026-04-28.csv
tranche4_latam_brazil_chile_peru_uruguay_costarica_probe_2026-04-28__tranche4_normalized_sample_rows_NOT_FULL_HARVEST_2026-04-28.csv,2905,8498e5980bc5c084ecee07406c434ce5ad924faf1128e8460310b0eb6d74820b,filesystem_non_zip,tranche4_latam_brazil_chile_peru_uruguay_costarica_probe_2026-04-28/tranche4_normalized_sample_rows_NOT_FULL_HARVEST_2026-04-28.csv
tranche4_latam_brazil_chile_peru_uruguay_costarica_probe_2026-04-28__tranche4_source_evidence_ledger_2026-04-28.csv,3235,2cbbfd22e2c14d656b54f18298c605b2515e44be2ac8e03cbb1a567a8fe51cca,filesystem_non_zip,tranche4_latam_brazil_chile_peru_uruguay_costarica_probe_2026-04-28/tranche4_source_evidence_ledger_2026-04-28.csv
tranche4_latam_brazil_chile_peru_uruguay_costarica_probe_checkpoint_2026-04-28_v1__CURRENT_STATE_SNAPSHOT_2026-04-28_tranche4.json,2439,ca1d625b4cc630b4c3b668c99e0dee00f1070a4b732b4a885f2dbcca5d5e786e,extracted_from_zip_no_nested_zip,tranche4_latam_brazil_chile_peru_uruguay_costarica_probe_checkpoint_2026-04-28_v1.zip::CURRENT_STATE_SNAPSHOT_2026-04-28_tranche4.json
tranche4_latam_brazil_chile_peru_uruguay_costarica_probe_checkpoint_2026-04-28_v1__TRANCHE4_PROBE_REPORT_2026-04-28.md,5262,7ac62692a7b1100268e3ac6f7c59c9ae7066bb8f3cddd8ea2e723a0ab077e2ce,extracted_from_zip_no_nested_zip,tranche4_latam_brazil_chile_peru_uruguay_costarica_probe_checkpoint_2026-04-28_v1.zip::TRANCHE4_PROBE_REPORT_2026-04-28.md
tranche4_latam_brazil_chile_peru_uruguay_costarica_probe_checkpoint_2026-04-28_v1__artifact_manifest_2026-04-28.csv,920,c517213007262db4910ad6be280d7871fdeaa140e08dda966797166b1feea549,extracted_from_zip_no_nested_zip,tranche4_latam_brazil_chile_peru_uruguay_costarica_probe_checkpoint_2026-04-28_v1.zip::artifact_manifest_2026-04-28.csv
tranche4_latam_brazil_chile_peru_uruguay_costarica_probe_checkpoint_2026-04-28_v1__run_tranche4_latam_public_page_probe.py,7975,9b7c800ef00804956f49cee4cc9cbbaa61dbc548527c7412322bc93ea717f4d9,extracted_from_zip_no_nested_zip,tranche4_latam_brazil_chile_peru_uruguay_costarica_probe_checkpoint_2026-04-28_v1.zip::run_tranche4_latam_public_page_probe.py
tranche4_latam_brazil_chile_peru_uruguay_costarica_probe_checkpoint_2026-04-28_v1__tranche4_field_map_2026-04-28.csv,1409,d03e2e8c96910eef2a9475505a68375ba9dcdaf1507ba70e32bfb3a9bd8cba90,extracted_from_zip_no_nested_zip,tranche4_latam_brazil_chile_peru_uruguay_costarica_probe_checkpoint_2026-04-28_v1.zip::tranche4_field_map_2026-04-28.csv
tranche4_latam_brazil_chile_peru_uruguay_costarica_probe_checkpoint_2026-04-28_v1__tranche4_harvest_manifest_2026-04-28.csv,6414,cbe9374ba03adfdaa843b6e2419faf5595603702a3a1d81b01964b670021a457,extracted_from_zip_no_nested_zip,tranche4_latam_brazil_chile_peru_uruguay_costarica_probe_checkpoint_2026-04-28_v1.zip::tranche4_harvest_manifest_2026-04-28.csv
tranche4_latam_brazil_chile_peru_uruguay_costarica_probe_checkpoint_2026-04-28_v1__tranche4_normalized_sample_rows_NOT_FULL_HARVEST_2026-04-28.csv,2905,8498e5980bc5c084ecee07406c434ce5ad924faf1128e8460310b0eb6d74820b,extracted_from_zip_no_nested_zip,tranche4_latam_brazil_chile_peru_uruguay_costarica_probe_checkpoint_2026-04-28_v1.zip::tranche4_normalized_sample_rows_NOT_FULL_HARVEST_2026-04-28.csv
tranche4_latam_brazil_chile_peru_uruguay_costarica_probe_checkpoint_2026-04-28_v1__tranche4_source_evidence_ledger_2026-04-28.csv,3235,2cbbfd22e2c14d656b54f18298c605b2515e44be2ac8e03cbb1a567a8fe51cca,extracted_from_zip_no_nested_zip,tranche4_latam_brazil_chile_peru_uruguay_costarica_probe_checkpoint_2026-04-28_v1.zip::tranche4_source_evidence_ledger_2026-04-28.csv
tranche5_europe_francophone_probe_2026-04-28__CURRENT_STATE_SNAPSHOT_2026-04-28_tranche5.json,813,9fa60318458d22ff0930b8461a5ec602a0f6c396eecab341b149f8a9a49709c2,filesystem_non_zip,tranche5_europe_francophone_probe_2026-04-28/CURRENT_STATE_SNAPSHOT_2026-04-28_tranche5.json
tranche5_europe_francophone_probe_2026-04-28__TRANCHE5_PROBE_REPORT_2026-04-28.md,2340,f8011074cc79579dc482006c8693d933910279bd748171ff0310510e19e11a35,filesystem_non_zip,tranche5_europe_francophone_probe_2026-04-28/TRANCHE5_PROBE_REPORT_2026-04-28.md
tranche5_europe_francophone_probe_2026-04-28__run_tranche5_europe_francophone_probe.py,2406,97ab86bf95eac6fd6f98ff4c570711438f463681bc16053b521ed5b01be1a2e6,filesystem_non_zip,tranche5_europe_francophone_probe_2026-04-28/run_tranche5_europe_francophone_probe.py
tranche5_europe_francophone_probe_2026-04-28__tranche5_field_map_2026-04-28.csv,1602,624e5b0b1dd1591ab1591dfbde2ade13e9936d820f4dd6a79cf42ad2830e0319,filesystem_non_zip,tranche5_europe_francophone_probe_2026-04-28/tranche5_field_map_2026-04-28.csv
tranche5_europe_francophone_probe_2026-04-28__tranche5_harvest_manifest_2026-04-28.csv,3763,e9ccd12c4da59f2b3ed490ccc2c5dc2b3bc614885e4d35a5babd9eba99eb2f5c,filesystem_non_zip,tranche5_europe_francophone_probe_2026-04-28/tranche5_harvest_manifest_2026-04-28.csv
tranche5_europe_francophone_probe_2026-04-28__tranche5_normalized_sample_rows_NOT_FULL_HARVEST_2026-04-28.csv,1330,ba8069f5dea2b0be9d89b09cf4feaebdb07498a978d3595f3861f892aa0424d0,filesystem_non_zip,tranche5_europe_francophone_probe_2026-04-28/tranche5_normalized_sample_rows_NOT_FULL_HARVEST_2026-04-28.csv
tranche5_europe_francophone_probe_2026-04-28__tranche5_source_evidence_ledger_2026-04-28.csv,2529,f0875c7df4e13a21e934563dd777a84eeac2cb3f1a958b38338ee94137383eef,filesystem_non_zip,tranche5_europe_francophone_probe_2026-04-28/tranche5_source_evidence_ledger_2026-04-28.csv
tranche5_europe_francophone_probe_checkpoint_2026-04-28_v1__CURRENT_STATE_SNAPSHOT_2026-04-28_tranche5.json,813,9fa60318458d22ff0930b8461a5ec602a0f6c396eecab341b149f8a9a49709c2,extracted_from_zip_no_nested_zip,tranche5_europe_francophone_probe_checkpoint_2026-04-28_v1.zip::CURRENT_STATE_SNAPSHOT_2026-04-28_tranche5.json
tranche5_europe_francophone_probe_checkpoint_2026-04-28_v1__TRANCHE5_PROBE_REPORT_2026-04-28.md,2340,f8011074cc79579dc482006c8693d933910279bd748171ff0310510e19e11a35,extracted_from_zip_no_nested_zip,tranche5_europe_francophone_probe_checkpoint_2026-04-28_v1.zip::TRANCHE5_PROBE_REPORT_2026-04-28.md
tranche5_europe_francophone_probe_checkpoint_2026-04-28_v1__run_tranche5_europe_francophone_probe.py,2406,97ab86bf95eac6fd6f98ff4c570711438f463681bc16053b521ed5b01be1a2e6,extracted_from_zip_no_nested_zip,tranche5_europe_francophone_probe_checkpoint_2026-04-28_v1.zip::run_tranche5_europe_francophone_probe.py
tranche5_europe_francophone_probe_checkpoint_2026-04-28_v1__tranche5_artifact_manifest_2026-04-28.csv,830,20a9b2c42e295749c3e2498ec8fd67606e2855296bf03044573f7a9230552186,extracted_from_zip_no_nested_zip,tranche5_europe_francophone_probe_checkpoint_2026-04-28_v1.zip::tranche5_artifact_manifest_2026-04-28.csv
tranche5_europe_francophone_probe_checkpoint_2026-04-28_v1__tranche5_field_map_2026-04-28.csv,1602,624e5b0b1dd1591ab1591dfbde2ade13e9936d820f4dd6a79cf42ad2830e0319,extracted_from_zip_no_nested_zip,tranche5_europe_francophone_probe_checkpoint_2026-04-28_v1.zip::tranche5_field_map_2026-04-28.csv
tranche5_europe_francophone_probe_checkpoint_2026-04-28_v1__tranche5_harvest_manifest_2026-04-28.csv,3763,e9ccd12c4da59f2b3ed490ccc2c5dc2b3bc614885e4d35a5babd9eba99eb2f5c,extracted_from_zip_no_nested_zip,tranche5_europe_francophone_probe_checkpoint_2026-04-28_v1.zip::tranche5_harvest_manifest_2026-04-28.csv
tranche5_europe_francophone_probe_checkpoint_2026-04-28_v1__tranche5_normalized_sample_rows_NOT_FULL_HARVEST_2026-04-28.csv,1330,ba8069f5dea2b0be9d89b09cf4feaebdb07498a978d3595f3861f892aa0424d0,extracted_from_zip_no_nested_zip,tranche5_europe_francophone_probe_checkpoint_2026-04-28_v1.zip::tranche5_normalized_sample_rows_NOT_FULL_HARVEST_2026-04-28.csv
tranche5_europe_francophone_probe_checkpoint_2026-04-28_v1__tranche5_source_evidence_ledger_2026-04-28.csv,2529,f0875c7df4e13a21e934563dd777a84eeac2cb3f1a958b38338ee94137383eef,extracted_from_zip_no_nested_zip,tranche5_europe_francophone_probe_checkpoint_2026-04-28_v1.zip::tranche5_source_evidence_ledger_2026-04-28.csv
tranche6_nordics_central_europe_probe_2026-04-28__CURRENT_STATE_SNAPSHOT_2026-04-28_tranche6.json,1219,786cb26c8f3237df9bff5dd5a2a51fb17803f1a3a1a224d19b232ecf2e74e285,filesystem_non_zip,tranche6_nordics_central_europe_probe_2026-04-28/CURRENT_STATE_SNAPSHOT_2026-04-28_tranche6.json
tranche6_nordics_central_europe_probe_2026-04-28__TRANCHE6_PROBE_REPORT_2026-04-28.md,3208,d9107f97b888d17be3c5d7c6fe259bc5655fde8e634481d4123884e771ff1709,filesystem_non_zip,tranche6_nordics_central_europe_probe_2026-04-28/TRANCHE6_PROBE_REPORT_2026-04-28.md
tranche6_nordics_central_europe_probe_2026-04-28__run_tranche6_nordics_central_europe_probe.py,2271,985bde306ee9a7a24f95b90a09d76a59928141e9508ed084ec09f93e9093a35e,filesystem_non_zip,tranche6_nordics_central_europe_probe_2026-04-28/run_tranche6_nordics_central_europe_probe.py
tranche6_nordics_central_europe_probe_2026-04-28__tranche6_field_map_2026-04-28.csv,5431,971cb63d430179a2c58a6e2b1c1f630fdb54c70c3c2aef1bc4d5e7d45089c26a,filesystem_non_zip,tranche6_nordics_central_europe_probe_2026-04-28/tranche6_field_map_2026-04-28.csv
tranche6_nordics_central_europe_probe_2026-04-28__tranche6_harvest_manifest_2026-04-28.csv,3196,b563f7a92af3c868fae4d8f8ac0d5ad0d515651eb9add00653b329865fc6f933,filesystem_non_zip,tranche6_nordics_central_europe_probe_2026-04-28/tranche6_harvest_manifest_2026-04-28.csv
tranche6_nordics_central_europe_probe_2026-04-28__tranche6_normalized_sample_rows_NOT_FULL_HARVEST_2026-04-28.csv,1548,9d008ddfd1312ea5cc7c194e44c7ba6f5ff7dbeaa991988f88a47e4599a0ff6c,filesystem_non_zip,tranche6_nordics_central_europe_probe_2026-04-28/tranche6_normalized_sample_rows_NOT_FULL_HARVEST_2026-04-28.csv
tranche6_nordics_central_europe_probe_2026-04-28__tranche6_source_evidence_ledger_2026-04-28.csv,6215,f89ca43562a02b35ec6d5672a2e4136f55d9e8b9e0d8c7a022c8c457e55d545e,filesystem_non_zip,tranche6_nordics_central_europe_probe_2026-04-28/tranche6_source_evidence_ledger_2026-04-28.csv
tranche6_nordics_central_europe_probe_checkpoint_2026-04-28_v1__CURRENT_STATE_SNAPSHOT_2026-04-28_tranche6.json,1219,786cb26c8f3237df9bff5dd5a2a51fb17803f1a3a1a224d19b232ecf2e74e285,extracted_from_zip_no_nested_zip,tranche6_nordics_central_europe_probe_checkpoint_2026-04-28_v1.zip::CURRENT_STATE_SNAPSHOT_2026-04-28_tranche6.json
tranche6_nordics_central_europe_probe_checkpoint_2026-04-28_v1__TRANCHE6_PROBE_REPORT_2026-04-28.md,3208,d9107f97b888d17be3c5d7c6fe259bc5655fde8e634481d4123884e771ff1709,extracted_from_zip_no_nested_zip,tranche6_nordics_central_europe_probe_checkpoint_2026-04-28_v1.zip::TRANCHE6_PROBE_REPORT_2026-04-28.md
tranche6_nordics_central_europe_probe_checkpoint_2026-04-28_v1__run_tranche6_nordics_central_europe_probe.py,2271,985bde306ee9a7a24f95b90a09d76a59928141e9508ed084ec09f93e9093a35e,extracted_from_zip_no_nested_zip,tranche6_nordics_central_europe_probe_checkpoint_2026-04-28_v1.zip::run_tranche6_nordics_central_europe_probe.py
tranche6_nordics_central_europe_probe_checkpoint_2026-04-28_v1__tranche6_artifact_manifest_2026-04-28.csv,835,7e7df916100287612b6d3e056f5cb14e348b120c1294f0ff4ee7143f865d97e2,extracted_from_zip_no_nested_zip,tranche6_nordics_central_europe_probe_checkpoint_2026-04-28_v1.zip::tranche6_artifact_manifest_2026-04-28.csv
tranche6_nordics_central_europe_probe_checkpoint_2026-04-28_v1__tranche6_field_map_2026-04-28.csv,5431,971cb63d430179a2c58a6e2b1c1f630fdb54c70c3c2aef1bc4d5e7d45089c26a,extracted_from_zip_no_nested_zip,tranche6_nordics_central_europe_probe_checkpoint_2026-04-28_v1.zip::tranche6_field_map_2026-04-28.csv
tranche6_nordics_central_europe_probe_checkpoint_2026-04-28_v1__tranche6_harvest_manifest_2026-04-28.csv,3196,b563f7a92af3c868fae4d8f8ac0d5ad0d515651eb9add00653b329865fc6f933,extracted_from_zip_no_nested_zip,tranche6_nordics_central_europe_probe_checkpoint_2026-04-28_v1.zip::tranche6_harvest_manifest_2026-04-28.csv
tranche6_nordics_central_europe_probe_checkpoint_2026-04-28_v1__tranche6_normalized_sample_rows_NOT_FULL_HARVEST_2026-04-28.csv,1548,9d008ddfd1312ea5cc7c194e44c7ba6f5ff7dbeaa991988f88a47e4599a0ff6c,extracted_from_zip_no_nested_zip,tranche6_nordics_central_europe_probe_checkpoint_2026-04-28_v1.zip::tranche6_normalized_sample_rows_NOT_FULL_HARVEST_2026-04-28.csv
tranche6_nordics_central_europe_probe_checkpoint_2026-04-28_v1__tranche6_source_evidence_ledger_2026-04-28.csv,6215,f89ca43562a02b35ec6d5672a2e4136f55d9e8b9e0d8c7a022c8c457e55d545e,extracted_from_zip_no_nested_zip,tranche6_nordics_central_europe_probe_checkpoint_2026-04-28_v1.zip::tranche6_source_evidence_ledger_2026-04-28.csv
tranche7_baltics_balkans_probe_2026-04-28__CURRENT_STATE_SNAPSHOT_2026-04-28_tranche7.json,852,c73be6f25b5caa8e2eac6e0a299e4d4df6847ae199a3ffb1ed38e919b3096643,filesystem_non_zip,tranche7_baltics_balkans_probe_2026-04-28/CURRENT_STATE_SNAPSHOT_2026-04-28_tranche7.json
tranche7_baltics_balkans_probe_2026-04-28__TRANCHE7_PROBE_REPORT_2026-04-28.md,3062,874a5cefd76697eb982f74f1fdbdd2c4c0301ea7a94c506aa8a659cfb200d2f5,filesystem_non_zip,tranche7_baltics_balkans_probe_2026-04-28/TRANCHE7_PROBE_REPORT_2026-04-28.md
tranche7_baltics_balkans_probe_2026-04-28__run_tranche7_baltics_balkans_probe.py,1789,02058d2ad351c550033ead0fa47b1c50da14dcc678d39e2895abd711c9749241,filesystem_non_zip,tranche7_baltics_balkans_probe_2026-04-28/run_tranche7_baltics_balkans_probe.py
tranche7_baltics_balkans_probe_2026-04-28__tranche7_field_map_2026-04-28.csv,1292,efefd92311f93aa51c0cdcb13a1bd9b9b5a7d056dfd029ad0393e707248d0ab6,filesystem_non_zip,tranche7_baltics_balkans_probe_2026-04-28/tranche7_field_map_2026-04-28.csv
tranche7_baltics_balkans_probe_2026-04-28__tranche7_harvest_manifest_2026-04-28.csv,6517,68693df8101e2c47aa936c2b98d7dc26f98f5a4e29e15cdd3fad185a4552f9ae,filesystem_non_zip,tranche7_baltics_balkans_probe_2026-04-28/tranche7_harvest_manifest_2026-04-28.csv
tranche7_baltics_balkans_probe_2026-04-28__tranche7_normalized_sample_rows_NOT_FULL_HARVEST_2026-04-28.csv,1957,4271774398aacc7f36bbca6de6b5e545ce0e26a753bc5cedf97f6489d9d1031a,filesystem_non_zip,tranche7_baltics_balkans_probe_2026-04-28/tranche7_normalized_sample_rows_NOT_FULL_HARVEST_2026-04-28.csv
tranche7_baltics_balkans_probe_2026-04-28__tranche7_source_evidence_ledger_2026-04-28.csv,6228,502800eb43fe06d853872ff672824240ec4300f4338835b90e3648a9eb1eb830,filesystem_non_zip,tranche7_baltics_balkans_probe_2026-04-28/tranche7_source_evidence_ledger_2026-04-28.csv
tranche7_baltics_balkans_probe_checkpoint_2026-04-28_v1__CURRENT_STATE_SNAPSHOT_2026-04-28_tranche7.json,852,c73be6f25b5caa8e2eac6e0a299e4d4df6847ae199a3ffb1ed38e919b3096643,extracted_from_zip_no_nested_zip,tranche7_baltics_balkans_probe_checkpoint_2026-04-28_v1.zip::CURRENT_STATE_SNAPSHOT_2026-04-28_tranche7.json
tranche7_baltics_balkans_probe_checkpoint_2026-04-28_v1__TRANCHE7_PROBE_REPORT_2026-04-28.md,3062,874a5cefd76697eb982f74f1fdbdd2c4c0301ea7a94c506aa8a659cfb200d2f5,extracted_from_zip_no_nested_zip,tranche7_baltics_balkans_probe_checkpoint_2026-04-28_v1.zip::TRANCHE7_PROBE_REPORT_2026-04-28.md
tranche7_baltics_balkans_probe_checkpoint_2026-04-28_v1__run_tranche7_baltics_balkans_probe.py,1789,02058d2ad351c550033ead0fa47b1c50da14dcc678d39e2895abd711c9749241,extracted_from_zip_no_nested_zip,tranche7_baltics_balkans_probe_checkpoint_2026-04-28_v1.zip::run_tranche7_baltics_balkans_probe.py
tranche7_baltics_balkans_probe_checkpoint_2026-04-28_v1__tranche7_artifact_manifest_2026-04-28.csv,828,517e7c899d5241a9cc15524ac6894103c6f62d8307f7f9ce3a08e954fd07e411,extracted_from_zip_no_nested_zip,tranche7_baltics_balkans_probe_checkpoint_2026-04-28_v1.zip::tranche7_artifact_manifest_2026-04-28.csv
tranche7_baltics_balkans_probe_checkpoint_2026-04-28_v1__tranche7_field_map_2026-04-28.csv,1292,efefd92311f93aa51c0cdcb13a1bd9b9b5a7d056dfd029ad0393e707248d0ab6,extracted_from_zip_no_nested_zip,tranche7_baltics_balkans_probe_checkpoint_2026-04-28_v1.zip::tranche7_field_map_2026-04-28.csv
tranche7_baltics_balkans_probe_checkpoint_2026-04-28_v1__tranche7_harvest_manifest_2026-04-28.csv,6517,68693df8101e2c47aa936c2b98d7dc26f98f5a4e29e15cdd3fad185a4552f9ae,extracted_from_zip_no_nested_zip,tranche7_baltics_balkans_probe_checkpoint_2026-04-28_v1.zip::tranche7_harvest_manifest_2026-04-28.csv
tranche7_baltics_balkans_probe_checkpoint_2026-04-28_v1__tranche7_normalized_sample_rows_NOT_FULL_HARVEST_2026-04-28.csv,1957,4271774398aacc7f36bbca6de6b5e545ce0e26a753bc5cedf97f6489d9d1031a,extracted_from_zip_no_nested_zip,tranche7_baltics_balkans_probe_checkpoint_2026-04-28_v1.zip::tranche7_normalized_sample_rows_NOT_FULL_HARVEST_2026-04-28.csv
tranche7_baltics_balkans_probe_checkpoint_2026-04-28_v1__tranche7_source_evidence_ledger_2026-04-28.csv,6228,502800eb43fe06d853872ff672824240ec4300f4338835b90e3648a9eb1eb830,extracted_from_zip_no_nested_zip,tranche7_baltics_balkans_probe_checkpoint_2026-04-28_v1.zip::tranche7_source_evidence_ledger_2026-04-28.csv
tranche8_mena_arab_bridge_probe_2026-04-28__CURRENT_STATE_SNAPSHOT_2026-04-28_tranche8.json,1400,0c3d62928ba64d50429bd2edeabd22aa2fc4560a450bba81e6e9eb2c176b0d4e,filesystem_non_zip,tranche8_mena_arab_bridge_probe_2026-04-28/CURRENT_STATE_SNAPSHOT_2026-04-28_tranche8.json
tranche8_mena_arab_bridge_probe_2026-04-28__TRANCHE8_PROBE_REPORT_2026-04-28.md,2774,594002d1730531a1bceaa404db77b14f94a92384994c270d8377d2df57032cf8,filesystem_non_zip,tranche8_mena_arab_bridge_probe_2026-04-28/TRANCHE8_PROBE_REPORT_2026-04-28.md
tranche8_mena_arab_bridge_probe_2026-04-28__run_tranche8_mena_bridge_probe.py,2061,d2b31674f24a49808558d1da666fcb186f7813e197ddad7185ac2fe4b9316c4f,filesystem_non_zip,tranche8_mena_arab_bridge_probe_2026-04-28/run_tranche8_mena_bridge_probe.py
tranche8_mena_arab_bridge_probe_2026-04-28__tranche8_field_map_2026-04-28.csv,1267,b5584e52c493d3b7eef6f8bd136270ef022b0198218d09448102cf13dd31d7f8,filesystem_non_zip,tranche8_mena_arab_bridge_probe_2026-04-28/tranche8_field_map_2026-04-28.csv
tranche8_mena_arab_bridge_probe_2026-04-28__tranche8_harvest_manifest_2026-04-28.csv,4332,0e49897576b998880b733230f988ad618c48b45ac8786c0dfb948a87ea980d31,filesystem_non_zip,tranche8_mena_arab_bridge_probe_2026-04-28/tranche8_harvest_manifest_2026-04-28.csv
tranche8_mena_arab_bridge_probe_2026-04-28__tranche8_normalized_sample_rows_NOT_FULL_HARVEST_2026-04-28.csv,2054,1b67bdae5320051946866b3fcc4de9135f0f0b243f29ed773bfa57f5ac0ec3b6,filesystem_non_zip,tranche8_mena_arab_bridge_probe_2026-04-28/tranche8_normalized_sample_rows_NOT_FULL_HARVEST_2026-04-28.csv
tranche8_mena_arab_bridge_probe_2026-04-28__tranche8_source_evidence_ledger_2026-04-28.csv,2392,1574e5a8ae8b39b59df6b5406dfcc76743bae258252875104b072c0db270e5e4,filesystem_non_zip,tranche8_mena_arab_bridge_probe_2026-04-28/tranche8_source_evidence_ledger_2026-04-28.csv
tranche8_mena_arab_bridge_probe_checkpoint_2026-04-28_v1__CURRENT_STATE_SNAPSHOT_2026-04-28_tranche8.json,1400,0c3d62928ba64d50429bd2edeabd22aa2fc4560a450bba81e6e9eb2c176b0d4e,extracted_from_zip_no_nested_zip,tranche8_mena_arab_bridge_probe_checkpoint_2026-04-28_v1.zip::CURRENT_STATE_SNAPSHOT_2026-04-28_tranche8.json
tranche8_mena_arab_bridge_probe_checkpoint_2026-04-28_v1__TRANCHE8_PROBE_REPORT_2026-04-28.md,2774,594002d1730531a1bceaa404db77b14f94a92384994c270d8377d2df57032cf8,extracted_from_zip_no_nested_zip,tranche8_mena_arab_bridge_probe_checkpoint_2026-04-28_v1.zip::TRANCHE8_PROBE_REPORT_2026-04-28.md
tranche8_mena_arab_bridge_probe_checkpoint_2026-04-28_v1__run_tranche8_mena_bridge_probe.py,2061,d2b31674f24a49808558d1da666fcb186f7813e197ddad7185ac2fe4b9316c4f,extracted_from_zip_no_nested_zip,tranche8_mena_arab_bridge_probe_checkpoint_2026-04-28_v1.zip::run_tranche8_mena_bridge_probe.py
tranche8_mena_arab_bridge_probe_checkpoint_2026-04-28_v1__tranche8_artifact_manifest_2026-04-28.csv,829,18421e52d786f6184532dcc9c4a482db4a0b801dde38e52b74e5df26a6c3b2f0,extracted_from_zip_no_nested_zip,tranche8_mena_arab_bridge_probe_checkpoint_2026-04-28_v1.zip::tranche8_artifact_manifest_2026-04-28.csv
tranche8_mena_arab_bridge_probe_checkpoint_2026-04-28_v1__tranche8_field_map_2026-04-28.csv,1267,b5584e52c493d3b7eef6f8bd136270ef022b0198218d09448102cf13dd31d7f8,extracted_from_zip_no_nested_zip,tranche8_mena_arab_bridge_probe_checkpoint_2026-04-28_v1.zip::tranche8_field_map_2026-04-28.csv
tranche8_mena_arab_bridge_probe_checkpoint_2026-04-28_v1__tranche8_harvest_manifest_2026-04-28.csv,4332,0e49897576b998880b733230f988ad618c48b45ac8786c0dfb948a87ea980d31,extracted_from_zip_no_nested_zip,tranche8_mena_arab_bridge_probe_checkpoint_2026-04-28_v1.zip::tranche8_harvest_manifest_2026-04-28.csv
tranche8_mena_arab_bridge_probe_checkpoint_2026-04-28_v1__tranche8_normalized_sample_rows_NOT_FULL_HARVEST_2026-04-28.csv,2054,1b67bdae5320051946866b3fcc4de9135f0f0b243f29ed773bfa57f5ac0ec3b6,extracted_from_zip_no_nested_zip,tranche8_mena_arab_bridge_probe_checkpoint_2026-04-28_v1.zip::tranche8_normalized_sample_rows_NOT_FULL_HARVEST_2026-04-28.csv
tranche8_mena_arab_bridge_probe_checkpoint_2026-04-28_v1__tranche8_source_evidence_ledger_2026-04-28.csv,2392,1574e5a8ae8b39b59df6b5406dfcc76743bae258252875104b072c0db270e5e4,extracted_from_zip_no_nested_zip,tranche8_mena_arab_bridge_probe_checkpoint_2026-04-28_v1.zip::tranche8_source_evidence_ledger_2026-04-28.csv
us_aba_indiebound_probe__bookstore_registry_harvest_manifest_tranche1_2026-04-26_us_aba_probe_update.csv,15035,47e214ced78f148485666941ea7761fb59faa9ca6d3fabf4c584b875e2fc77fa,filesystem_non_zip,us_aba_indiebound_probe/bookstore_registry_harvest_manifest_tranche1_2026-04-26_us_aba_probe_update.csv
us_aba_indiebound_probe__us_aba_indiebound_field_map_2026-04-26.csv,1507,fe8ae96debf3fc071b8a2e462369fd8abc2057326554e4524b63b16a742e619e,filesystem_non_zip,us_aba_indiebound_probe/us_aba_indiebound_field_map_2026-04-26.csv
us_aba_indiebound_probe__us_aba_indiebound_harvester_2026-04-26.py,7934,f9649dcae3be0097be7eb6820ae9358ae58cb9cf6ccfdc05c027b4d2340c26d4,filesystem_non_zip,us_aba_indiebound_probe/us_aba_indiebound_harvester_2026-04-26.py
us_aba_indiebound_probe__us_aba_indiebound_normalized_sample_2026-04-26.csv,2558,8667590f67a03d725729daf14e138511307032b7f84a11137248dd8505fc496e,filesystem_non_zip,us_aba_indiebound_probe/us_aba_indiebound_normalized_sample_2026-04-26.csv
us_aba_indiebound_probe__us_aba_indiebound_probe_artifact_manifest_2026-04-26.csv,1265,7b6aeb8416a8dfb4648d3d96dcef3c53ad11700709a10894d3c92591c77d6c38,filesystem_non_zip,us_aba_indiebound_probe/us_aba_indiebound_probe_artifact_manifest_2026-04-26.csv
us_aba_indiebound_probe__us_aba_indiebound_probe_report_2026-04-26.md,4405,b92ae9c285b1c203aed6f2d2dfe6bbd917cd4e6e3bfd5670016a3140b1a4bb55,filesystem_non_zip,us_aba_indiebound_probe/us_aba_indiebound_probe_report_2026-04-26.md
us_aba_indiebound_probe__us_aba_indiebound_probe_summary_2026-04-26.json,2312,44e2f88da46f0591b303a6122788be65ac23a3412081fb04d29c1f7761f813ab,filesystem_non_zip,us_aba_indiebound_probe/us_aba_indiebound_probe_summary_2026-04-26.json
us_aba_indiebound_probe__us_aba_indiebound_source_evidence_ledger_2026-04-26.csv,3808,940f7d3d10a17d62f9d423d4cb43bd83292d3f60b045c2fadf4afe5ec7cbdd6c,filesystem_non_zip,us_aba_indiebound_probe/us_aba_indiebound_source_evidence_ledger_2026-04-26.csv
us_aba_indiebound_probe_checkpoint_2026-04-26_v1__bookstore_registry_harvest_manifest_tranche1_2026-04-26_us_aba_probe_update.csv,15035,47e214ced78f148485666941ea7761fb59faa9ca6d3fabf4c584b875e2fc77fa,extracted_from_zip_no_nested_zip,us_aba_indiebound_probe_checkpoint_2026-04-26_v1.zip::bookstore_registry_harvest_manifest_tranche1_2026-04-26_us_aba_probe_update.csv
us_aba_indiebound_probe_checkpoint_2026-04-26_v1__us_aba_indiebound_field_map_2026-04-26.csv,1507,fe8ae96debf3fc071b8a2e462369fd8abc2057326554e4524b63b16a742e619e,extracted_from_zip_no_nested_zip,us_aba_indiebound_probe_checkpoint_2026-04-26_v1.zip::us_aba_indiebound_field_map_2026-04-26.csv
us_aba_indiebound_probe_checkpoint_2026-04-26_v1__us_aba_indiebound_harvester_2026-04-26.py,7934,f9649dcae3be0097be7eb6820ae9358ae58cb9cf6ccfdc05c027b4d2340c26d4,extracted_from_zip_no_nested_zip,us_aba_indiebound_probe_checkpoint_2026-04-26_v1.zip::us_aba_indiebound_harvester_2026-04-26.py
us_aba_indiebound_probe_checkpoint_2026-04-26_v1__us_aba_indiebound_normalized_sample_2026-04-26.csv,2558,8667590f67a03d725729daf14e138511307032b7f84a11137248dd8505fc496e,extracted_from_zip_no_nested_zip,us_aba_indiebound_probe_checkpoint_2026-04-26_v1.zip::us_aba_indiebound_normalized_sample_2026-04-26.csv
us_aba_indiebound_probe_checkpoint_2026-04-26_v1__us_aba_indiebound_probe_artifact_manifest_2026-04-26.csv,1265,7b6aeb8416a8dfb4648d3d96dcef3c53ad11700709a10894d3c92591c77d6c38,extracted_from_zip_no_nested_zip,us_aba_indiebound_probe_checkpoint_2026-04-26_v1.zip::us_aba_indiebound_probe_artifact_manifest_2026-04-26.csv
us_aba_indiebound_probe_checkpoint_2026-04-26_v1__us_aba_indiebound_probe_report_2026-04-26.md,4405,b92ae9c285b1c203aed6f2d2dfe6bbd917cd4e6e3bfd5670016a3140b1a4bb55,extracted_from_zip_no_nested_zip,us_aba_indiebound_probe_checkpoint_2026-04-26_v1.zip::us_aba_indiebound_probe_report_2026-04-26.md
us_aba_indiebound_probe_checkpoint_2026-04-26_v1__us_aba_indiebound_probe_summary_2026-04-26.json,2312,44e2f88da46f0591b303a6122788be65ac23a3412081fb04d29c1f7761f813ab,extracted_from_zip_no_nested_zip,us_aba_indiebound_probe_checkpoint_2026-04-26_v1.zip::us_aba_indiebound_probe_summary_2026-04-26.json
us_aba_indiebound_probe_checkpoint_2026-04-26_v1__us_aba_indiebound_source_evidence_ledger_2026-04-26.csv,3808,940f7d3d10a17d62f9d423d4cb43bd83292d3f60b045c2fadf4afe5ec7cbdd6c,extracted_from_zip_no_nested_zip,us_aba_indiebound_probe_checkpoint_2026-04-26_v1.zip::us_aba_indiebound_source_evidence_ledger_2026-04-26.csv
